Indicator,Year,Country ISO 3 code,Country,Global,WHO region,SDG region,World bank income group,Comments,Value Numeric,Value String
Total fertility rate (live births per woman),1990,BRA,Brazil,,Americas,,Upper middle income,,2.896,2.896
Total fertility rate (live births per woman),1991,BRA,Brazil,,Americas,,Upper middle income,,2.805,2.805
Total fertility rate (live births per woman),1992,BRA,Brazil,,Americas,,Upper middle income,,2.71,2.71
Total fertility rate (live births per woman),1993,BRA,Brazil,,Americas,,Upper middle income,,2.66,2.66
Total fertility rate (live births per woman),1994,BRA,Brazil,,Americas,,Upper middle income,,2.603,2.603
Total fertility rate (live births per woman),1996,BRA,Brazil,,Americas,,Upper middle income,,2.511,2.511
Total fertility rate (live births per woman),1998,BRA,Brazil,,Americas,,Upper middle income,,2.418,2.418
Total fertility rate (live births per woman),1999,BRA,Brazil,,Americas,,Upper middle income,,2.335,2.335
Total fertility rate (live births per woman),2001,BRA,Brazil,,Americas,,Upper middle income,,2.162,2.162
Total fertility rate (live births per woman),2002,BRA,Brazil,,Americas,,Upper middle income,,2.081,2.081
Total fertility rate (live births per woman),2003,BRA,Brazil,,Americas,,Upper middle income,,2.006,2.006
Total fertility rate (live births per woman),2004,BRA,Brazil,,Americas,,Upper middle income,,1.973,1.973
Total fertility rate (live births per woman),2005,BRA,Brazil,,Americas,,Upper middle income,,1.942,1.942
Total fertility rate (live births per woman),2006,BRA,Brazil,,Americas,,Upper middle income,,1.896,1.896
Total fertility rate (live births per woman),2007,BRA,Brazil,,Americas,,Upper middle income,,1.854,1.854
Total fertility rate (live births per woman),2008,BRA,Brazil,,Americas,,Upper middle income,,1.815,1.815
Total fertility rate (live births per woman),2009,BRA,Brazil,,Americas,,Upper middle income,,1.799,1.799
Total fertility rate (live births per woman),2010,BRA,Brazil,,Americas,,Upper middle income,,1.786,1.786
Total fertility rate (live births per woman),2012,BRA,Brazil,,Americas,,Upper middle income,,1.766,1.766
Total fertility rate (live births per woman),2013,BRA,Brazil,,Americas,,Upper middle income,,1.761,1.761
Total fertility rate (live births per woman),2014,BRA,Brazil,,Americas,,Upper middle income,,1.775,1.775
Total fertility rate (live births per woman),2015,BRA,Brazil,,Americas,,Upper middle income,,1.777,1.777
Total fertility rate (live births per woman),2016,BRA,Brazil,,Americas,,Upper middle income,,1.727,1.727
Total fertility rate (live births per woman),2017,BRA,Brazil,,Americas,,Upper middle income,,1.74,1.74
Total fertility rate (live births per woman),2018,BRA,Brazil,,Americas,,Upper middle income,,1.744,1.744
Total fertility rate (live births per woman),2019,BRA,Brazil,,Americas,,Upper middle income,,1.705,1.705
Total fertility rate (live births per woman),2020,BRA,Brazil,,Americas,,Upper middle income,,1.653,1.653
Total fertility rate (live births per woman),2021,BRA,Brazil,,Americas,,Upper middle income,,1.638,1.638
Total fertility rate (live births per woman),2022,BRA,Brazil,,Americas,,Upper middle income,,1.629,1.629
Total fertility rate (live births per woman),2023,BRA,Brazil,,Americas,,Upper middle income,,1.619,1.619
Total fertility rate (live births per woman),2024,BRA,Brazil,,Americas,,Upper middle income,,1.614,1.614
Total fertility rate (live births per woman),2025,BRA,Brazil,,Americas,,Upper middle income,,1.6,1.6
Total fertility rate (live births per woman),1990,CHL,Chile,,Americas,,High income,,2.579,2.579
Total fertility rate (live births per woman),1991,CHL,Chile,,Americas,,High income,,2.558,2.558
Total fertility rate (live births per woman),1992,CHL,Chile,,Americas,,High income,,2.478,2.478
Total fertility rate (live births per woman),1993,CHL,Chile,,Americas,,High income,,2.43,2.43
Total fertility rate (live births per woman),1994,CHL,Chile,,Americas,,High income,,2.377,2.377
Total fertility rate (live births per woman),1996,CHL,Chile,,Americas,,High income,,2.284,2.284
Total fertility rate (live births per woman),1998,CHL,Chile,,Americas,,High income,,2.149,2.149
Total fertility rate (live births per woman),1999,CHL,Chile,,Americas,,High income,,2.074,2.074
Total fertility rate (live births per woman),2001,CHL,Chile,,Americas,,High income,,2.007,2.007
Total fertility rate (live births per woman),2002,CHL,Chile,,Americas,,High income,,1.934,1.934
Total fertility rate (live births per woman),2003,CHL,Chile,,Americas,,High income,,1.885,1.885
Total fertility rate (live births per woman),2004,CHL,Chile,,Americas,,High income,,1.844,1.844
Total fertility rate (live births per woman),2005,CHL,Chile,,Americas,,High income,,1.825,1.825
Total fertility rate (live births per woman),2006,CHL,Chile,,Americas,,High income,,1.798,1.798
Total fertility rate (live births per woman),2007,CHL,Chile,,Americas,,High income,,1.826,1.826
Total fertility rate (live births per woman),2008,CHL,Chile,,Americas,,High income,,1.85,1.85
Total fertility rate (live births per woman),2009,CHL,Chile,,Americas,,High income,,1.855,1.855
Total fertility rate (live births per woman),2010,CHL,Chile,,Americas,,High income,,1.844,1.844
Total fertility rate (live births per woman),2012,CHL,Chile,,Americas,,High income,,1.798,1.798
Total fertility rate (live births per woman),2013,CHL,Chile,,Americas,,High income,,1.786,1.786
Total fertility rate (live births per woman),2014,CHL,Chile,,Americas,,High income,,1.774,1.774
Total fertility rate (live births per woman),2015,CHL,Chile,,Americas,,High income,,1.737,1.737
Total fertility rate (live births per woman),2016,CHL,Chile,,Americas,,High income,,1.686,1.686
Total fertility rate (live births per woman),2017,CHL,Chile,,Americas,,High income,,1.563,1.563
Total fertility rate (live births per woman),2018,CHL,Chile,,Americas,,High income,,1.543,1.543
Total fertility rate (live births per woman),2019,CHL,Chile,,Americas,,High income,,1.43,1.43
Total fertility rate (live births per woman),2020,CHL,Chile,,Americas,,High income,,1.307,1.307
Total fertility rate (live births per woman),2021,CHL,Chile,,Americas,,High income,,1.176,1.176
Total fertility rate (live births per woman),2022,CHL,Chile,,Americas,,High income,,1.255,1.255
Total fertility rate (live births per woman),2023,CHL,Chile,,Americas,,High income,,1.167,1.167
Total fertility rate (live births per woman),2024,CHL,Chile,,Americas,,High income,,1.14,1.14
Total fertility rate (live births per woman),2025,CHL,Chile,,Americas,,High income,,1.127,1.127
Total fertility rate (live births per woman),1990,FRA,France,,Europe,,High income,"For statistical purposes, the data for France do not include French Guiana, French Polynesia, Guadeloupe, Martinique, Mayotte, New Caledonia, Réunion, Saint Pierre and Miquelon, Saint Barthélemy, Saint Martin (French part), Wallis and Futuna Islands.",1.782,1.782
Total fertility rate (live births per woman),1991,FRA,France,,Europe,,High income,"For statistical purposes, the data for France do not include French Guiana, French Polynesia, Guadeloupe, Martinique, Mayotte, New Caledonia, Réunion, Saint Pierre and Miquelon, Saint Barthélemy, Saint Martin (French part), Wallis and Futuna Islands.",1.773,1.773
Total fertility rate (live births per woman),1992,FRA,France,,Europe,,High income,"For statistical purposes, the data for France do not include French Guiana, French Polynesia, Guadeloupe, Martinique, Mayotte, New Caledonia, Réunion, Saint Pierre and Miquelon, Saint Barthélemy, Saint Martin (French part), Wallis and Futuna Islands.",1.735,1.735
Total fertility rate (live births per woman),1993,FRA,France,,Europe,,High income,"For statistical purposes, the data for France do not include French Guiana, French Polynesia, Guadeloupe, Martinique, Mayotte, New Caledonia, Réunion, Saint Pierre and Miquelon, Saint Barthélemy, Saint Martin (French part), Wallis and Futuna Islands.",1.661,1.661
Total fertility rate (live births per woman),1994,FRA,France,,Europe,,High income,"For statistical purposes, the data for France do not include French Guiana, French Polynesia, Guadeloupe, Martinique, Mayotte, New Caledonia, Réunion, Saint Pierre and Miquelon, Saint Barthélemy, Saint Martin (French part), Wallis and Futuna Islands.",1.665,1.665
Total fertility rate (live births per woman),1996,FRA,France,,Europe,,High income,"For statistical purposes, the data for France do not include French Guiana, French Polynesia, Guadeloupe, Martinique, Mayotte, New Caledonia, Réunion, Saint Pierre and Miquelon, Saint Barthélemy, Saint Martin (French part), Wallis and Futuna Islands.",1.74,1.74
Total fertility rate (live births per woman),1998,FRA,France,,Europe,,High income,"For statistical purposes, the data for France do not include French Guiana, French Polynesia, Guadeloupe, Martinique, Mayotte, New Caledonia, Réunion, Saint Pierre and Miquelon, Saint Barthélemy, Saint Martin (French part), Wallis and Futuna Islands.",1.764,1.764
Total fertility rate (live births per woman),1999,FRA,France,,Europe,,High income,"For statistical purposes, the data for France do not include French Guiana, French Polynesia, Guadeloupe, Martinique, Mayotte, New Caledonia, Réunion, Saint Pierre and Miquelon, Saint Barthélemy, Saint Martin (French part), Wallis and Futuna Islands.",1.793,1.793
Total fertility rate (live births per woman),2001,FRA,France,,Europe,,High income,"For statistical purposes, the data for France do not include French Guiana, French Polynesia, Guadeloupe, Martinique, Mayotte, New Caledonia, Réunion, Saint Pierre and Miquelon, Saint Barthélemy, Saint Martin (French part), Wallis and Futuna Islands.",1.879,1.879
Total fertility rate (live births per woman),2002,FRA,France,,Europe,,High income,"For statistical purposes, the data for France do not include French Guiana, French Polynesia, Guadeloupe, Martinique, Mayotte, New Caledonia, Réunion, Saint Pierre and Miquelon, Saint Barthélemy, Saint Martin (French part), Wallis and Futuna Islands.",1.865,1.865
Total fertility rate (live births per woman),2003,FRA,France,,Europe,,High income,"For statistical purposes, the data for France do not include French Guiana, French Polynesia, Guadeloupe, Martinique, Mayotte, New Caledonia, Réunion, Saint Pierre and Miquelon, Saint Barthélemy, Saint Martin (French part), Wallis and Futuna Islands.",1.873,1.873
Total fertility rate (live births per woman),2004,FRA,France,,Europe,,High income,"For statistical purposes, the data for France do not include French Guiana, French Polynesia, Guadeloupe, Martinique, Mayotte, New Caledonia, Réunion, Saint Pierre and Miquelon, Saint Barthélemy, Saint Martin (French part), Wallis and Futuna Islands.",1.898,1.898
Total fertility rate (live births per woman),2005,FRA,France,,Europe,,High income,"For statistical purposes, the data for France do not include French Guiana, French Polynesia, Guadeloupe, Martinique, Mayotte, New Caledonia, Réunion, Saint Pierre and Miquelon, Saint Barthélemy, Saint Martin (French part), Wallis and Futuna Islands.",1.916,1.916
Total fertility rate (live births per woman),2006,FRA,France,,Europe,,High income,"For statistical purposes, the data for France do not include French Guiana, French Polynesia, Guadeloupe, Martinique, Mayotte, New Caledonia, Réunion, Saint Pierre and Miquelon, Saint Barthélemy, Saint Martin (French part), Wallis and Futuna Islands.",1.974,1.974
Total fertility rate (live births per woman),2007,FRA,France,,Europe,,High income,"For statistical purposes, the data for France do not include French Guiana, French Polynesia, Guadeloupe, Martinique, Mayotte, New Caledonia, Réunion, Saint Pierre and Miquelon, Saint Barthélemy, Saint Martin (French part), Wallis and Futuna Islands.",1.952,1.952
Total fertility rate (live births per woman),2008,FRA,France,,Europe,,High income,"For statistical purposes, the data for France do not include French Guiana, French Polynesia, Guadeloupe, Martinique, Mayotte, New Caledonia, Réunion, Saint Pierre and Miquelon, Saint Barthélemy, Saint Martin (French part), Wallis and Futuna Islands.",1.987,1.987
Total fertility rate (live births per woman),2009,FRA,France,,Europe,,High income,"For statistical purposes, the data for France do not include French Guiana, French Polynesia, Guadeloupe, Martinique, Mayotte, New Caledonia, Réunion, Saint Pierre and Miquelon, Saint Barthélemy, Saint Martin (French part), Wallis and Futuna Islands.",1.99,1.99
Total fertility rate (live births per woman),2010,FRA,France,,Europe,,High income,"For statistical purposes, the data for France do not include French Guiana, French Polynesia, Guadeloupe, Martinique, Mayotte, New Caledonia, Réunion, Saint Pierre and Miquelon, Saint Barthélemy, Saint Martin (French part), Wallis and Futuna Islands.",2.017,2.017
Total fertility rate (live births per woman),2012,FRA,France,,Europe,,High income,"For statistical purposes, the data for France do not include French Guiana, French Polynesia, Guadeloupe, Martinique, Mayotte, New Caledonia, Réunion, Saint Pierre and Miquelon, Saint Barthélemy, Saint Martin (French part), Wallis and Futuna Islands.",1.99,1.99
Total fertility rate (live births per woman),2013,FRA,France,,Europe,,High income,"For statistical purposes, the data for France do not include French Guiana, French Polynesia, Guadeloupe, Martinique, Mayotte, New Caledonia, Réunion, Saint Pierre and Miquelon, Saint Barthélemy, Saint Martin (French part), Wallis and Futuna Islands.",1.973,1.973
Total fertility rate (live births per woman),2014,FRA,France,,Europe,,High income,"For statistical purposes, the data for France do not include French Guiana, French Polynesia, Guadeloupe, Martinique, Mayotte, New Caledonia, Réunion, Saint Pierre and Miquelon, Saint Barthélemy, Saint Martin (French part), Wallis and Futuna Islands.",1.974,1.974
Total fertility rate (live births per woman),2015,FRA,France,,Europe,,High income,"For statistical purposes, the data for France do not include French Guiana, French Polynesia, Guadeloupe, Martinique, Mayotte, New Caledonia, Réunion, Saint Pierre and Miquelon, Saint Barthélemy, Saint Martin (French part), Wallis and Futuna Islands.",1.927,1.927
Total fertility rate (live births per woman),2016,FRA,France,,Europe,,High income,"For statistical purposes, the data for France do not include French Guiana, French Polynesia, Guadeloupe, Martinique, Mayotte, New Caledonia, Réunion, Saint Pierre and Miquelon, Saint Barthélemy, Saint Martin (French part), Wallis and Futuna Islands.",1.892,1.892
Total fertility rate (live births per woman),2017,FRA,France,,Europe,,High income,"For statistical purposes, the data for France do not include French Guiana, French Polynesia, Guadeloupe, Martinique, Mayotte, New Caledonia, Réunion, Saint Pierre and Miquelon, Saint Barthélemy, Saint Martin (French part), Wallis and Futuna Islands.",1.859,1.859
Total fertility rate (live births per woman),2018,FRA,France,,Europe,,High income,"For statistical purposes, the data for France do not include French Guiana, French Polynesia, Guadeloupe, Martinique, Mayotte, New Caledonia, Réunion, Saint Pierre and Miquelon, Saint Barthélemy, Saint Martin (French part), Wallis and Futuna Islands.",1.837,1.837
Total fertility rate (live births per woman),2019,FRA,France,,Europe,,High income,"For statistical purposes, the data for France do not include French Guiana, French Polynesia, Guadeloupe, Martinique, Mayotte, New Caledonia, Réunion, Saint Pierre and Miquelon, Saint Barthélemy, Saint Martin (French part), Wallis and Futuna Islands.",1.826,1.826
Total fertility rate (live births per woman),2020,FRA,France,,Europe,,High income,"For statistical purposes, the data for France do not include French Guiana, French Polynesia, Guadeloupe, Martinique, Mayotte, New Caledonia, Réunion, Saint Pierre and Miquelon, Saint Barthélemy, Saint Martin (French part), Wallis and Futuna Islands.",1.785,1.785
Total fertility rate (live births per woman),2021,FRA,France,,Europe,,High income,"For statistical purposes, the data for France do not include French Guiana, French Polynesia, Guadeloupe, Martinique, Mayotte, New Caledonia, Réunion, Saint Pierre and Miquelon, Saint Barthélemy, Saint Martin (French part), Wallis and Futuna Islands.",1.799,1.799
Total fertility rate (live births per woman),2022,FRA,France,,Europe,,High income,"For statistical purposes, the data for France do not include French Guiana, French Polynesia, Guadeloupe, Martinique, Mayotte, New Caledonia, Réunion, Saint Pierre and Miquelon, Saint Barthélemy, Saint Martin (French part), Wallis and Futuna Islands.",1.76,1.76
Total fertility rate (live births per woman),2023,FRA,France,,Europe,,High income,"For statistical purposes, the data for France do not include French Guiana, French Polynesia, Guadeloupe, Martinique, Mayotte, New Caledonia, Réunion, Saint Pierre and Miquelon, Saint Barthélemy, Saint Martin (French part), Wallis and Futuna Islands.",1.639,1.639
Total fertility rate (live births per woman),2024,FRA,France,,Europe,,High income,"For statistical purposes, the data for France do not include French Guiana, French Polynesia, Guadeloupe, Martinique, Mayotte, New Caledonia, Réunion, Saint Pierre and Miquelon, Saint Barthélemy, Saint Martin (French part), Wallis and Futuna Islands.",1.636,1.636
Total fertility rate (live births per woman),2025,FRA,France,,Europe,,High income,"For statistical purposes, the data for France do not include French Guiana, French Polynesia, Guadeloupe, Martinique, Mayotte, New Caledonia, Réunion, Saint Pierre and Miquelon, Saint Barthélemy, Saint Martin (French part), Wallis and Futuna Islands.",1.637,1.637
Total fertility rate (live births per woman),1990,DEU,Germany,,Europe,,High income,,1.46,1.46
Total fertility rate (live births per woman),1991,DEU,Germany,,Europe,,High income,,1.344,1.344
Total fertility rate (live births per woman),1992,DEU,Germany,,Europe,,High income,,1.305,1.305
Total fertility rate (live births per woman),1993,DEU,Germany,,Europe,,High income,,1.288,1.288
Total fertility rate (live births per woman),1994,DEU,Germany,,Europe,,High income,,1.254,1.254
Total fertility rate (live births per woman),1996,DEU,Germany,,Europe,,High income,,1.33,1.33
Total fertility rate (live births per woman),1998,DEU,Germany,,Europe,,High income,,1.364,1.364
Total fertility rate (live births per woman),1999,DEU,Germany,,Europe,,High income,,1.37,1.37
Total fertility rate (live births per woman),2001,DEU,Germany,,Europe,,High income,,1.354,1.354
Total fertility rate (live births per woman),2002,DEU,Germany,,Europe,,High income,,1.344,1.344
Total fertility rate (live births per woman),2003,DEU,Germany,,Europe,,High income,,1.343,1.343
Total fertility rate (live births per woman),2004,DEU,Germany,,Europe,,High income,,1.361,1.361
Total fertility rate (live births per woman),2005,DEU,Germany,,Europe,,High income,,1.344,1.344
Total fertility rate (live births per woman),2006,DEU,Germany,,Europe,,High income,,1.339,1.339
Total fertility rate (live births per woman),2007,DEU,Germany,,Europe,,High income,,1.378,1.378
Total fertility rate (live births per woman),2008,DEU,Germany,,Europe,,High income,,1.387,1.387
Total fertility rate (live births per woman),2009,DEU,Germany,,Europe,,High income,,1.367,1.367
Total fertility rate (live births per woman),2010,DEU,Germany,,Europe,,High income,,1.4,1.4
Total fertility rate (live births per woman),2012,DEU,Germany,,Europe,,High income,,1.405,1.405
Total fertility rate (live births per woman),2013,DEU,Germany,,Europe,,High income,,1.415,1.415
Total fertility rate (live births per woman),2014,DEU,Germany,,Europe,,High income,,1.469,1.469
Total fertility rate (live births per woman),2015,DEU,Germany,,Europe,,High income,,1.501,1.501
Total fertility rate (live births per woman),2016,DEU,Germany,,Europe,,High income,,1.591,1.591
Total fertility rate (live births per woman),2017,DEU,Germany,,Europe,,High income,,1.57,1.57
Total fertility rate (live births per woman),2018,DEU,Germany,,Europe,,High income,,1.566,1.566
Total fertility rate (live births per woman),2019,DEU,Germany,,Europe,,High income,,1.541,1.541
Total fertility rate (live births per woman),2020,DEU,Germany,,Europe,,High income,,1.531,1.531
Total fertility rate (live births per woman),2021,DEU,Germany,,Europe,,High income,,1.577,1.577
Total fertility rate (live births per woman),2022,DEU,Germany,,Europe,,High income,,1.46,1.46
Total fertility rate (live births per woman),2023,DEU,Germany,,Europe,,High income,,1.441,1.441
Total fertility rate (live births per woman),2024,DEU,Germany,,Europe,,High income,,1.448,1.448
Total fertility rate (live births per woman),2025,DEU,Germany,,Europe,,High income,,1.455,1.455
Total fertility rate (live births per woman),1990,GRC,Greece,,Europe,,High income,,1.466,1.466
Total fertility rate (live births per woman),1991,GRC,Greece,,Europe,,High income,,1.459,1.459
Total fertility rate (live births per woman),1992,GRC,Greece,,Europe,,High income,,1.452,1.452
Total fertility rate (live births per woman),1993,GRC,Greece,,Europe,,High income,,1.426,1.426
Total fertility rate (live births per woman),1994,GRC,Greece,,Europe,,High income,,1.414,1.414
Total fertility rate (live births per woman),1996,GRC,Greece,,Europe,,High income,,1.365,1.365
Total fertility rate (live births per woman),1998,GRC,Greece,,Europe,,High income,,1.339,1.339
Total fertility rate (live births per woman),1999,GRC,Greece,,Europe,,High income,,1.326,1.326
Total fertility rate (live births per woman),2001,GRC,Greece,,Europe,,High income,,1.327,1.327
Total fertility rate (live births per woman),2002,GRC,Greece,,Europe,,High income,,1.335,1.335
Total fertility rate (live births per woman),2003,GRC,Greece,,Europe,,High income,,1.333,1.333
Total fertility rate (live births per woman),2004,GRC,Greece,,Europe,,High income,,1.34,1.34
Total fertility rate (live births per woman),2005,GRC,Greece,,Europe,,High income,,1.358,1.358
Total fertility rate (live births per woman),2006,GRC,Greece,,Europe,,High income,,1.403,1.403
Total fertility rate (live births per woman),2007,GRC,Greece,,Europe,,High income,,1.416,1.416
Total fertility rate (live births per woman),2008,GRC,Greece,,Europe,,High income,,1.494,1.494
Total fertility rate (live births per woman),2009,GRC,Greece,,Europe,,High income,,1.507,1.507
Total fertility rate (live births per woman),2010,GRC,Greece,,Europe,,High income,,1.485,1.485
Total fertility rate (live births per woman),2012,GRC,Greece,,Europe,,High income,,1.345,1.345
Total fertility rate (live births per woman),2013,GRC,Greece,,Europe,,High income,,1.292,1.292
Total fertility rate (live births per woman),2014,GRC,Greece,,Europe,,High income,,1.298,1.298
Total fertility rate (live births per woman),2015,GRC,Greece,,Europe,,High income,,1.328,1.328
Total fertility rate (live births per woman),2016,GRC,Greece,,Europe,,High income,,1.382,1.382
Total fertility rate (live births per woman),2017,GRC,Greece,,Europe,,High income,,1.35,1.35
Total fertility rate (live births per woman),2018,GRC,Greece,,Europe,,High income,,1.35,1.35
Total fertility rate (live births per woman),2019,GRC,Greece,,Europe,,High income,,1.337,1.337
Total fertility rate (live births per woman),2020,GRC,Greece,,Europe,,High income,,1.386,1.386
Total fertility rate (live births per woman),2021,GRC,Greece,,Europe,,High income,,1.432,1.432
Total fertility rate (live births per woman),2022,GRC,Greece,,Europe,,High income,,1.308,1.308
Total fertility rate (live births per woman),2023,GRC,Greece,,Europe,,High income,,1.334,1.334
Total fertility rate (live births per woman),2024,GRC,Greece,,Europe,,High income,,1.336,1.336
Total fertility rate (live births per woman),2025,GRC,Greece,,Europe,,High income,,1.339,1.339
Total fertility rate (live births per woman),1990,ITA,Italy,,Europe,,High income,,1.331,1.331
Total fertility rate (live births per woman),1991,ITA,Italy,,Europe,,High income,,1.303,1.303
Total fertility rate (live births per woman),1992,ITA,Italy,,Europe,,High income,,1.296,1.296
Total fertility rate (live births per woman),1993,ITA,Italy,,Europe,,High income,,1.249,1.249
Total fertility rate (live births per woman),1994,ITA,Italy,,Europe,,High income,,1.208,1.208
Total fertility rate (live births per woman),1996,ITA,Italy,,Europe,,High income,,1.197,1.197
Total fertility rate (live births per woman),1998,ITA,Italy,,Europe,,High income,,1.21,1.21
Total fertility rate (live births per woman),1999,ITA,Italy,,Europe,,High income,,1.228,1.228
Total fertility rate (live births per woman),2001,ITA,Italy,,Europe,,High income,,1.247,1.247
Total fertility rate (live births per woman),2002,ITA,Italy,,Europe,,High income,,1.264,1.264
Total fertility rate (live births per woman),2003,ITA,Italy,,Europe,,High income,,1.285,1.285
Total fertility rate (live births per woman),2004,ITA,Italy,,Europe,,High income,,1.337,1.337
Total fertility rate (live births per woman),2005,ITA,Italy,,Europe,,High income,,1.332,1.332
Total fertility rate (live births per woman),2006,ITA,Italy,,Europe,,High income,,1.364,1.364
Total fertility rate (live births per woman),2007,ITA,Italy,,Europe,,High income,,1.393,1.393
Total fertility rate (live births per woman),2008,ITA,Italy,,Europe,,High income,,1.435,1.435
Total fertility rate (live births per woman),2009,ITA,Italy,,Europe,,High income,,1.439,1.439
Total fertility rate (live births per woman),2010,ITA,Italy,,Europe,,High income,,1.443,1.443
Total fertility rate (live births per woman),2012,ITA,Italy,,Europe,,High income,,1.416,1.416
Total fertility rate (live births per woman),2013,ITA,Italy,,Europe,,High income,,1.38,1.38
Total fertility rate (live births per woman),2014,ITA,Italy,,Europe,,High income,,1.364,1.364
Total fertility rate (live births per woman),2015,ITA,Italy,,Europe,,High income,,1.344,1.344
Total fertility rate (live births per woman),2016,ITA,Italy,,Europe,,High income,,1.336,1.336
Total fertility rate (live births per woman),2017,ITA,Italy,,Europe,,High income,,1.317,1.317
Total fertility rate (live births per woman),2018,ITA,Italy,,Europe,,High income,,1.286,1.286
Total fertility rate (live births per woman),2019,ITA,Italy,,Europe,,High income,,1.259,1.259
Total fertility rate (live births per woman),2020,ITA,Italy,,Europe,,High income,,1.242,1.242
Total fertility rate (live births per woman),2021,ITA,Italy,,Europe,,High income,,1.252,1.252
Total fertility rate (live births per woman),2022,ITA,Italy,,Europe,,High income,,1.24,1.24
Total fertility rate (live births per woman),2023,ITA,Italy,,Europe,,High income,,1.198,1.198
Total fertility rate (live births per woman),2024,ITA,Italy,,Europe,,High income,,1.206,1.206
Total fertility rate (live births per woman),2025,ITA,Italy,,Europe,,High income,,1.214,1.214
Total fertility rate (live births per woman),1990,JPN,Japan,,Western Pacific,,High income,,1.509,1.509
Total fertility rate (live births per woman),1991,JPN,Japan,,Western Pacific,,High income,,1.504,1.504
Total fertility rate (live births per woman),1992,JPN,Japan,,Western Pacific,,High income,,1.478,1.478
Total fertility rate (live births per woman),1993,JPN,Japan,,Western Pacific,,High income,,1.44,1.44
Total fertility rate (live births per woman),1994,JPN,Japan,,Western Pacific,,High income,,1.468,1.468
Total fertility rate (live births per woman),1996,JPN,Japan,,Western Pacific,,High income,,1.403,1.403
Total fertility rate (live births per woman),1998,JPN,Japan,,Western Pacific,,High income,,1.371,1.371
Total fertility rate (live births per woman),1999,JPN,Japan,,Western Pacific,,High income,,1.34,1.34
Total fertility rate (live births per woman),2001,JPN,Japan,,Western Pacific,,High income,,1.325,1.325
Total fertility rate (live births per woman),2002,JPN,Japan,,Western Pacific,,High income,,1.308,1.308
Total fertility rate (live births per woman),2003,JPN,Japan,,Western Pacific,,High income,,1.285,1.285
Total fertility rate (live births per woman),2004,JPN,Japan,,Western Pacific,,High income,,1.277,1.277
Total fertility rate (live births per woman),2005,JPN,Japan,,Western Pacific,,High income,,1.245,1.245
Total fertility rate (live births per woman),2006,JPN,Japan,,Western Pacific,,High income,,1.285,1.285
Total fertility rate (live births per woman),2007,JPN,Japan,,Western Pacific,,High income,,1.305,1.305
Total fertility rate (live births per woman),2008,JPN,Japan,,Western Pacific,,High income,,1.33,1.33
Total fertility rate (live births per woman),2009,JPN,Japan,,Western Pacific,,High income,,1.333,1.333
Total fertility rate (live births per woman),2010,JPN,Japan,,Western Pacific,,High income,,1.357,1.357
Total fertility rate (live births per woman),2012,JPN,Japan,,Western Pacific,,High income,,1.376,1.376
Total fertility rate (live births per woman),2013,JPN,Japan,,Western Pacific,,High income,,1.389,1.389
Total fertility rate (live births per woman),2014,JPN,Japan,,Western Pacific,,High income,,1.388,1.388
Total fertility rate (live births per woman),2015,JPN,Japan,,Western Pacific,,High income,,1.415,1.415
Total fertility rate (live births per woman),2016,JPN,Japan,,Western Pacific,,High income,,1.408,1.408
Total fertility rate (live births per woman),2017,JPN,Japan,,Western Pacific,,High income,,1.39,1.39
Total fertility rate (live births per woman),2018,JPN,Japan,,Western Pacific,,High income,,1.373,1.373
Total fertility rate (live births per woman),2019,JPN,Japan,,Western Pacific,,High income,,1.323,1.323
Total fertility rate (live births per woman),2020,JPN,Japan,,Western Pacific,,High income,,1.304,1.304
Total fertility rate (live births per woman),2021,JPN,Japan,,Western Pacific,,High income,,1.275,1.275
Total fertility rate (live births per woman),2022,JPN,Japan,,Western Pacific,,High income,,1.256,1.256
Total fertility rate (live births per woman),2023,JPN,Japan,,Western Pacific,,High income,,1.208,1.208
Total fertility rate (live births per woman),2024,JPN,Japan,,Western Pacific,,High income,,1.217,1.217
Total fertility rate (live births per woman),2025,JPN,Japan,,Western Pacific,,High income,,1.225,1.225
Total fertility rate (live births per woman),1990,MEX,Mexico,,Americas,,Upper middle income,,3.444,3.444
Total fertility rate (live births per woman),1991,MEX,Mexico,,Americas,,Upper middle income,,3.363,3.363
Total fertility rate (live births per woman),1992,MEX,Mexico,,Americas,,Upper middle income,,3.285,3.285
Total fertility rate (live births per woman),1993,MEX,Mexico,,Americas,,Upper middle income,,3.211,3.211
Total fertility rate (live births per woman),1994,MEX,Mexico,,Americas,,Upper middle income,,3.132,3.132
Total fertility rate (live births per woman),1996,MEX,Mexico,,Americas,,Upper middle income,,2.964,2.964
Total fertility rate (live births per woman),1998,MEX,Mexico,,Americas,,Upper middle income,,2.815,2.815
Total fertility rate (live births per woman),1999,MEX,Mexico,,Americas,,Upper middle income,,2.763,2.763
Total fertility rate (live births per woman),2001,MEX,Mexico,,Americas,,Upper middle income,,2.671,2.671
Total fertility rate (live births per woman),2002,MEX,Mexico,,Americas,,Upper middle income,,2.633,2.633
Total fertility rate (live births per woman),2003,MEX,Mexico,,Americas,,Upper middle income,,2.579,2.579
Total fertility rate (live births per woman),2004,MEX,Mexico,,Americas,,Upper middle income,,2.536,2.536
Total fertility rate (live births per woman),2005,MEX,Mexico,,Americas,,Upper middle income,,2.495,2.495
Total fertility rate (live births per woman),2006,MEX,Mexico,,Americas,,Upper middle income,,2.456,2.456
Total fertility rate (live births per woman),2007,MEX,Mexico,,Americas,,Upper middle income,,2.421,2.421
Total fertility rate (live births per woman),2008,MEX,Mexico,,Americas,,Upper middle income,,2.391,2.391
Total fertility rate (live births per woman),2009,MEX,Mexico,,Americas,,Upper middle income,,2.364,2.364
Total fertility rate (live births per woman),2010,MEX,Mexico,,Americas,,Upper middle income,,2.34,2.34
Total fertility rate (live births per woman),2012,MEX,Mexico,,Americas,,Upper middle income,,2.294,2.294
Total fertility rate (live births per woman),2013,MEX,Mexico,,Americas,,Upper middle income,,2.269,2.269
Total fertility rate (live births per woman),2014,MEX,Mexico,,Americas,,Upper middle income,,2.211,2.211
Total fertility rate (live births per woman),2015,MEX,Mexico,,Americas,,Upper middle income,,2.137,2.137
Total fertility rate (live births per woman),2016,MEX,Mexico,,Americas,,Upper middle income,,2.086,2.086
Total fertility rate (live births per woman),2017,MEX,Mexico,,Americas,,Upper middle income,,2.041,2.041
Total fertility rate (live births per woman),2018,MEX,Mexico,,Americas,,Upper middle income,,2.03,2.03
Total fertility rate (live births per woman),2019,MEX,Mexico,,Americas,,Upper middle income,,2.02,2.02
Total fertility rate (live births per woman),2020,MEX,Mexico,,Americas,,Upper middle income,,1.99,1.99
Total fertility rate (live births per woman),2021,MEX,Mexico,,Americas,,Upper middle income,,1.97,1.97
Total fertility rate (live births per woman),2022,MEX,Mexico,,Americas,,Upper middle income,,1.94,1.94
Total fertility rate (live births per woman),2023,MEX,Mexico,,Americas,,Upper middle income,,1.91,1.91
Total fertility rate (live births per woman),2024,MEX,Mexico,,Americas,,Upper middle income,,1.892,1.892
Total fertility rate (live births per woman),2025,MEX,Mexico,,Americas,,Upper middle income,,1.869,1.869
Total fertility rate (live births per woman),1990,ESP,Spain,,Europe,,High income,"Including Canary Islands, Ceuta and Melilla.",1.358,1.358
Total fertility rate (live births per woman),1991,ESP,Spain,,Europe,,High income,"Including Canary Islands, Ceuta and Melilla.",1.325,1.325
Total fertility rate (live births per woman),1992,ESP,Spain,,Europe,,High income,"Including Canary Islands, Ceuta and Melilla.",1.306,1.306
Total fertility rate (live births per woman),1993,ESP,Spain,,Europe,,High income,"Including Canary Islands, Ceuta and Melilla.",1.253,1.253
Total fertility rate (live births per woman),1994,ESP,Spain,,Europe,,High income,"Including Canary Islands, Ceuta and Melilla.",1.19,1.19
Total fertility rate (live births per woman),1996,ESP,Spain,,Europe,,High income,"Including Canary Islands, Ceuta and Melilla.",1.139,1.139
Total fertility rate (live births per woman),1998,ESP,Spain,,Europe,,High income,"Including Canary Islands, Ceuta and Melilla.",1.131,1.131
Total fertility rate (live births per woman),1999,ESP,Spain,,Europe,,High income,"Including Canary Islands, Ceuta and Melilla.",1.165,1.165
Total fertility rate (live births per woman),2001,ESP,Spain,,Europe,,High income,"Including Canary Islands, Ceuta and Melilla.",1.231,1.231
Total fertility rate (live births per woman),2002,ESP,Spain,,Europe,,High income,"Including Canary Islands, Ceuta and Melilla.",1.251,1.251
Total fertility rate (live births per woman),2003,ESP,Spain,,Europe,,High income,"Including Canary Islands, Ceuta and Melilla.",1.293,1.293
Total fertility rate (live births per woman),2004,ESP,Spain,,Europe,,High income,"Including Canary Islands, Ceuta and Melilla.",1.313,1.313
Total fertility rate (live births per woman),2005,ESP,Spain,,Europe,,High income,"Including Canary Islands, Ceuta and Melilla.",1.329,1.329
Total fertility rate (live births per woman),2006,ESP,Spain,,Europe,,High income,"Including Canary Islands, Ceuta and Melilla.",1.36,1.36
Total fertility rate (live births per woman),2007,ESP,Spain,,Europe,,High income,"Including Canary Islands, Ceuta and Melilla.",1.379,1.379
Total fertility rate (live births per woman),2008,ESP,Spain,,Europe,,High income,"Including Canary Islands, Ceuta and Melilla.",1.436,1.436
Total fertility rate (live births per woman),2009,ESP,Spain,,Europe,,High income,"Including Canary Islands, Ceuta and Melilla.",1.381,1.381
Total fertility rate (live births per woman),2010,ESP,Spain,,Europe,,High income,"Including Canary Islands, Ceuta and Melilla.",1.366,1.366
Total fertility rate (live births per woman),2012,ESP,Spain,,Europe,,High income,"Including Canary Islands, Ceuta and Melilla.",1.318,1.318
Total fertility rate (live births per woman),2013,ESP,Spain,,Europe,,High income,"Including Canary Islands, Ceuta and Melilla.",1.277,1.277
Total fertility rate (live births per woman),2014,ESP,Spain,,Europe,,High income,"Including Canary Islands, Ceuta and Melilla.",1.315,1.315
Total fertility rate (live births per woman),2015,ESP,Spain,,Europe,,High income,"Including Canary Islands, Ceuta and Melilla.",1.33,1.33
Total fertility rate (live births per woman),2016,ESP,Spain,,Europe,,High income,"Including Canary Islands, Ceuta and Melilla.",1.332,1.332
Total fertility rate (live births per woman),2017,ESP,Spain,,Europe,,High income,"Including Canary Islands, Ceuta and Melilla.",1.305,1.305
Total fertility rate (live births per woman),2018,ESP,Spain,,Europe,,High income,"Including Canary Islands, Ceuta and Melilla.",1.26,1.26
Total fertility rate (live births per woman),2019,ESP,Spain,,Europe,,High income,"Including Canary Islands, Ceuta and Melilla.",1.23,1.23
Total fertility rate (live births per woman),2020,ESP,Spain,,Europe,,High income,"Including Canary Islands, Ceuta and Melilla.",1.186,1.186
Total fertility rate (live births per woman),2021,ESP,Spain,,Europe,,High income,"Including Canary Islands, Ceuta and Melilla.",1.188,1.188
Total fertility rate (live births per woman),2022,ESP,Spain,,Europe,,High income,"Including Canary Islands, Ceuta and Melilla.",1.205,1.205
Total fertility rate (live births per woman),2023,ESP,Spain,,Europe,,High income,"Including Canary Islands, Ceuta and Melilla.",1.213,1.213
Total fertility rate (live births per woman),2024,ESP,Spain,,Europe,,High income,"Including Canary Islands, Ceuta and Melilla.",1.221,1.221
Total fertility rate (live births per woman),2025,ESP,Spain,,Europe,,High income,"Including Canary Islands, Ceuta and Melilla.",1.23,1.23
Total fertility rate (live births per woman),1990,SWE,Sweden,,Europe,,High income,,2.121,2.121
Total fertility rate (live births per woman),1991,SWE,Sweden,,Europe,,High income,,2.109,2.109
Total fertility rate (live births per woman),1992,SWE,Sweden,,Europe,,High income,,2.078,2.078
Total fertility rate (live births per woman),1993,SWE,Sweden,,Europe,,High income,,1.987,1.987
Total fertility rate (live births per woman),1994,SWE,Sweden,,Europe,,High income,,1.878,1.878
Total fertility rate (live births per woman),1996,SWE,Sweden,,Europe,,High income,,1.6,1.6
Total fertility rate (live births per woman),1998,SWE,Sweden,,Europe,,High income,,1.506,1.506
Total fertility rate (live births per woman),1999,SWE,Sweden,,Europe,,High income,,1.501,1.501
Total fertility rate (live births per woman),2001,SWE,Sweden,,Europe,,High income,,1.569,1.569
Total fertility rate (live births per woman),2002,SWE,Sweden,,Europe,,High income,,1.648,1.648
Total fertility rate (live births per woman),2003,SWE,Sweden,,Europe,,High income,,1.712,1.712
Total fertility rate (live births per woman),2004,SWE,Sweden,,Europe,,High income,,1.751,1.751
Total fertility rate (live births per woman),2005,SWE,Sweden,,Europe,,High income,,1.772,1.772
Total fertility rate (live births per woman),2006,SWE,Sweden,,Europe,,High income,,1.848,1.848
Total fertility rate (live births per woman),2007,SWE,Sweden,,Europe,,High income,,1.877,1.877
Total fertility rate (live births per woman),2008,SWE,Sweden,,Europe,,High income,,1.905,1.905
Total fertility rate (live births per woman),2009,SWE,Sweden,,Europe,,High income,,1.932,1.932
Total fertility rate (live births per woman),2010,SWE,Sweden,,Europe,,High income,,1.973,1.973
Total fertility rate (live births per woman),2012,SWE,Sweden,,Europe,,High income,,1.9,1.9
Total fertility rate (live births per woman),2013,SWE,Sweden,,Europe,,High income,,1.885,1.885
Total fertility rate (live births per woman),2014,SWE,Sweden,,Europe,,High income,,1.876,1.876
Total fertility rate (live births per woman),2015,SWE,Sweden,,Europe,,High income,,1.847,1.847
Total fertility rate (live births per woman),2016,SWE,Sweden,,Europe,,High income,,1.846,1.846
Total fertility rate (live births per woman),2017,SWE,Sweden,,Europe,,High income,,1.785,1.785
Total fertility rate (live births per woman),2018,SWE,Sweden,,Europe,,High income,,1.754,1.754
Total fertility rate (live births per woman),2019,SWE,Sweden,,Europe,,High income,,1.709,1.709
Total fertility rate (live births per woman),2020,SWE,Sweden,,Europe,,High income,,1.671,1.671
Total fertility rate (live births per woman),2021,SWE,Sweden,,Europe,,High income,,1.668,1.668
Total fertility rate (live births per woman),2022,SWE,Sweden,,Europe,,High income,,1.538,1.538
Total fertility rate (live births per woman),2023,SWE,Sweden,,Europe,,High income,,1.43,1.43
Total fertility rate (live births per woman),2024,SWE,Sweden,,Europe,,High income,,1.434,1.434
Total fertility rate (live births per woman),2025,SWE,Sweden,,Europe,,High income,,1.44,1.44