STRUCTURE,STRUCTURE_ID,STRUCTURE_NAME,ACTION,REF_AREA,Reference area,FREQ,Frequency of observation,MEASURE,Measure,UNIT_MEASURE,Unit of measure,EXPEND_SOURCE,Expenditure source,SPENDING_TYPE,Spending type,PROGRAMME_TYPE,Programme type,PRICE_BASE,Price base,TIME_PERIOD,Time period,OBS_VALUE,Observation value,OBS_STATUS,Observation status,UNIT_MULT,Unit multiplier,DECIMALS,Decimals,CURRENCY,Currency,BASE_PER,Base period
DATAFLOW,OECD.ELS.SPD:DSD_SOCX_AGG@DF_PUB_PRV(1.0),Public and private social expenditure,I,JPN,Japan,A,Annual,SOCX,Social expenditure,PT_B1GQ,Percentage of GDP,ES10,Public,_T,Total,TP01,Old age and survivors,_Z,Not applicable,2009,,11.096,,A,Normal value,0,Units,1,One,_Z,Not applicable,,
DATAFLOW,OECD.ELS.SPD:DSD_SOCX_AGG@DF_PUB_PRV(1.0),Public and private social expenditure,I,JPN,Japan,A,Annual,SOCX,Social expenditure,PT_B1GQ,Percentage of GDP,ES10,Public,_T,Total,TP01,Old age and survivors,_Z,Not applicable,2010,,11.025,,A,Normal value,0,Units,1,One,_Z,Not applicable,,
DATAFLOW,OECD.ELS.SPD:DSD_SOCX_AGG@DF_PUB_PRV(1.0),Public and private social expenditure,I,JPN,Japan,A,Annual,SOCX,Social expenditure,PT_B1GQ,Percentage of GDP,ES10,Public,_T,Total,TP01,Old age and survivors,_Z,Not applicable,2011,,9.777,,A,Normal value,0,Units,1,One,_Z,Not applicable,,
DATAFLOW,OECD.ELS.SPD:DSD_SOCX_AGG@DF_PUB_PRV(1.0),Public and private social expenditure,I,JPN,Japan,A,Annual,SOCX,Social expenditure,PT_B1GQ,Percentage of GDP,ES10,Public,_T,Total,TP01,Old age and survivors,_Z,Not applicable,2012,,9.862,,A,Normal value,0,Units,1,One,_Z,Not applicable,,
DATAFLOW,OECD.ELS.SPD:DSD_SOCX_AGG@DF_PUB_PRV(1.0),Public and private social expenditure,I,JPN,Japan,A,Annual,SOCX,Social expenditure,PT_B1GQ,Percentage of GDP,ES10,Public,_T,Total,TP01,Old age and survivors,_Z,Not applicable,2013,,9.809,,A,Normal value,0,Units,1,One,_Z,Not applicable,,
DATAFLOW,OECD.ELS.SPD:DSD_SOCX_AGG@DF_PUB_PRV(1.0),Public and private social expenditure,I,JPN,Japan,A,Annual,SOCX,Social expenditure,PT_B1GQ,Percentage of GDP,ES10,Public,_T,Total,TP01,Old age and survivors,_Z,Not applicable,2014,,9.556,,A,Normal value,0,Units,1,One,_Z,Not applicable,,
DATAFLOW,OECD.ELS.SPD:DSD_SOCX_AGG@DF_PUB_PRV(1.0),Public and private social expenditure,I,JPN,Japan,A,Annual,SOCX,Social expenditure,PT_B1GQ,Percentage of GDP,ES10,Public,_T,Total,TP01,Old age and survivors,_Z,Not applicable,2015,,9.511,,A,Normal value,0,Units,1,One,_Z,Not applicable,,
DATAFLOW,OECD.ELS.SPD:DSD_SOCX_AGG@DF_PUB_PRV(1.0),Public and private social expenditure,I,JPN,Japan,A,Annual,SOCX,Social expenditure,PT_B1GQ,Percentage of GDP,ES10,Public,_T,Total,TP01,Old age and survivors,_Z,Not applicable,2016,,9.476,,A,Normal value,0,Units,1,One,_Z,Not applicable,,
DATAFLOW,OECD.ELS.SPD:DSD_SOCX_AGG@DF_PUB_PRV(1.0),Public and private social expenditure,I,JPN,Japan,A,Annual,SOCX,Social expenditure,PT_B1GQ,Percentage of GDP,ES10,Public,_T,Total,TP01,Old age and survivors,_Z,Not applicable,2017,,9.47,,A,Normal value,0,Units,1,One,_Z,Not applicable,,
DATAFLOW,OECD.ELS.SPD:DSD_SOCX_AGG@DF_PUB_PRV(1.0),Public and private social expenditure,I,JPN,Japan,A,Annual,SOCX,Social expenditure,PT_B1GQ,Percentage of GDP,ES10,Public,_T,Total,TP01,Old age and survivors,_Z,Not applicable,2018,,9.498,,A,Normal value,0,Units,1,One,_Z,Not applicable,,
DATAFLOW,OECD.ELS.SPD:DSD_SOCX_AGG@DF_PUB_PRV(1.0),Public and private social expenditure,I,JPN,Japan,A,Annual,SOCX,Social expenditure,PT_B1GQ,Percentage of GDP,ES10,Public,_T,Total,TP01,Old age and survivors,_Z,Not applicable,2019,,9.577,,A,Normal value,0,Units,1,One,_Z,Not applicable,,
DATAFLOW,OECD.ELS.SPD:DSD_SOCX_AGG@DF_PUB_PRV(1.0),Public and private social expenditure,I,JPN,Japan,A,Annual,SOCX,Social expenditure,PT_B1GQ,Percentage of GDP,ES10,Public,_T,Total,TP01,Old age and survivors,_Z,Not applicable,2020,,9.826,,A,Normal value,0,Units,1,One,_Z,Not applicable,,
DATAFLOW,OECD.ELS.SPD:DSD_SOCX_AGG@DF_PUB_PRV(1.0),Public and private social expenditure,I,JPN,Japan,A,Annual,SOCX,Social expenditure,PT_B1GQ,Percentage of GDP,ES10,Public,_T,Total,TP01,Old age and survivors,_Z,Not applicable,2021,,9.601,,A,Normal value,0,Units,1,One,_Z,Not applicable,,
DATAFLOW,OECD.ELS.SPD:DSD_SOCX_AGG@DF_PUB_PRV(1.0),Public and private social expenditure,I,JPN,Japan,A,Annual,SOCX,Social expenditure,PT_B1GQ,Percentage of GDP,ES10,Public,_T,Total,TP01,Old age and survivors,_Z,Not applicable,2022,,9.393,,A,Normal value,0,Units,1,One,_Z,Not applicable,,
DATAFLOW,OECD.ELS.SPD:DSD_SOCX_AGG@DF_PUB_PRV(1.0),Public and private social expenditure,I,JPN,Japan,A,Annual,SOCX,Social expenditure,PT_B1GQ,Percentage of GDP,ES10,Public,_T,Total,TP01,Old age and survivors,_Z,Not applicable,1996,,6.105,,A,Normal value,0,Units,1,One,_Z,Not applicable,,
DATAFLOW,OECD.ELS.SPD:DSD_SOCX_AGG@DF_PUB_PRV(1.0),Public and private social expenditure,I,JPN,Japan,A,Annual,SOCX,Social expenditure,PT_B1GQ,Percentage of GDP,ES10,Public,_T,Total,TP01,Old age and survivors,_Z,Not applicable,1997,,6.313,,A,Normal value,0,Units,1,One,_Z,Not applicable,,
DATAFLOW,OECD.ELS.SPD:DSD_SOCX_AGG@DF_PUB_PRV(1.0),Public and private social expenditure,I,JPN,Japan,A,Annual,SOCX,Social expenditure,PT_B1GQ,Percentage of GDP,ES10,Public,_T,Total,TP01,Old age and survivors,_Z,Not applicable,1998,,6.657,,A,Normal value,0,Units,1,One,_Z,Not applicable,,
DATAFLOW,OECD.ELS.SPD:DSD_SOCX_AGG@DF_PUB_PRV(1.0),Public and private social expenditure,I,JPN,Japan,A,Annual,SOCX,Social expenditure,PT_B1GQ,Percentage of GDP,ES10,Public,_T,Total,TP01,Old age and survivors,_Z,Not applicable,1999,,7.182,,A,Normal value,0,Units,1,One,_Z,Not applicable,,
DATAFLOW,OECD.ELS.SPD:DSD_SOCX_AGG@DF_PUB_PRV(1.0),Public and private social expenditure,I,JPN,Japan,A,Annual,SOCX,Social expenditure,PT_B1GQ,Percentage of GDP,ES10,Public,_T,Total,TP01,Old age and survivors,_Z,Not applicable,2000,,7.549,,A,Normal value,0,Units,1,One,_Z,Not applicable,,
DATAFLOW,OECD.ELS.SPD:DSD_SOCX_AGG@DF_PUB_PRV(1.0),Public and private social expenditure,I,JPN,Japan,A,Annual,SOCX,Social expenditure,PT_B1GQ,Percentage of GDP,ES10,Public,_T,Total,TP01,Old age and survivors,_Z,Not applicable,2001,,8.005,,A,Normal value,0,Units,1,One,_Z,Not applicable,,
DATAFLOW,OECD.ELS.SPD:DSD_SOCX_AGG@DF_PUB_PRV(1.0),Public and private social expenditure,I,JPN,Japan,A,Annual,SOCX,Social expenditure,PT_B1GQ,Percentage of GDP,ES10,Public,_T,Total,TP01,Old age and survivors,_Z,Not applicable,2002,,8.41,,A,Normal value,0,Units,1,One,_Z,Not applicable,,
DATAFLOW,OECD.ELS.SPD:DSD_SOCX_AGG@DF_PUB_PRV(1.0),Public and private social expenditure,I,JPN,Japan,A,Annual,SOCX,Social expenditure,PT_B1GQ,Percentage of GDP,ES10,Public,_T,Total,TP01,Old age and survivors,_Z,Not applicable,2003,,8.677,,A,Normal value,0,Units,1,One,_Z,Not applicable,,
DATAFLOW,OECD.ELS.SPD:DSD_SOCX_AGG@DF_PUB_PRV(1.0),Public and private social expenditure,I,JPN,Japan,A,Annual,SOCX,Social expenditure,PT_B1GQ,Percentage of GDP,ES10,Public,_T,Total,TP01,Old age and survivors,_Z,Not applicable,2004,,8.903,,A,Normal value,0,Units,1,One,_Z,Not applicable,,
DATAFLOW,OECD.ELS.SPD:DSD_SOCX_AGG@DF_PUB_PRV(1.0),Public and private social expenditure,I,JPN,Japan,A,Annual,SOCX,Social expenditure,PT_B1GQ,Percentage of GDP,ES10,Public,_T,Total,TP01,Old age and survivors,_Z,Not applicable,2005,,9.101,,A,Normal value,0,Units,1,One,_Z,Not applicable,,
DATAFLOW,OECD.ELS.SPD:DSD_SOCX_AGG@DF_PUB_PRV(1.0),Public and private social expenditure,I,JPN,Japan,A,Annual,SOCX,Social expenditure,PT_B1GQ,Percentage of GDP,ES10,Public,_T,Total,TP01,Old age and survivors,_Z,Not applicable,2006,,9.235,,A,Normal value,0,Units,1,One,_Z,Not applicable,,
DATAFLOW,OECD.ELS.SPD:DSD_SOCX_AGG@DF_PUB_PRV(1.0),Public and private social expenditure,I,JPN,Japan,A,Annual,SOCX,Social expenditure,PT_B1GQ,Percentage of GDP,ES10,Public,_T,Total,TP01,Old age and survivors,_Z,Not applicable,2007,,9.437,,A,Normal value,0,Units,1,One,_Z,Not applicable,,
DATAFLOW,OECD.ELS.SPD:DSD_SOCX_AGG@DF_PUB_PRV(1.0),Public and private social expenditure,I,JPN,Japan,A,Annual,SOCX,Social expenditure,PT_B1GQ,Percentage of GDP,ES10,Public,_T,Total,TP01,Old age and survivors,_Z,Not applicable,2008,,10.009,,A,Normal value,0,Units,1,One,_Z,Not applicable,,
DATAFLOW,OECD.ELS.SPD:DSD_SOCX_AGG@DF_PUB_PRV(1.0),Public and private social expenditure,I,JPN,Japan,A,Annual,SOCX,Social expenditure,PT_B1GQ,Percentage of GDP,ES10,Public,_T,Total,TP01,Old age and survivors,_Z,Not applicable,1990,,4.779,,A,Normal value,0,Units,1,One,_Z,Not applicable,,
DATAFLOW,OECD.ELS.SPD:DSD_SOCX_AGG@DF_PUB_PRV(1.0),Public and private social expenditure,I,JPN,Japan,A,Annual,SOCX,Social expenditure,PT_B1GQ,Percentage of GDP,ES10,Public,_T,Total,TP01,Old age and survivors,_Z,Not applicable,1991,,4.819,,A,Normal value,0,Units,1,One,_Z,Not applicable,,
DATAFLOW,OECD.ELS.SPD:DSD_SOCX_AGG@DF_PUB_PRV(1.0),Public and private social expenditure,I,JPN,Japan,A,Annual,SOCX,Social expenditure,PT_B1GQ,Percentage of GDP,ES10,Public,_T,Total,TP01,Old age and survivors,_Z,Not applicable,1992,,5.075,,A,Normal value,0,Units,1,One,_Z,Not applicable,,
DATAFLOW,OECD.ELS.SPD:DSD_SOCX_AGG@DF_PUB_PRV(1.0),Public and private social expenditure,I,JPN,Japan,A,Annual,SOCX,Social expenditure,PT_B1GQ,Percentage of GDP,ES10,Public,_T,Total,TP01,Old age and survivors,_Z,Not applicable,1993,,5.366,,A,Normal value,0,Units,1,One,_Z,Not applicable,,
DATAFLOW,OECD.ELS.SPD:DSD_SOCX_AGG@DF_PUB_PRV(1.0),Public and private social expenditure,I,JPN,Japan,A,Annual,SOCX,Social expenditure,PT_B1GQ,Percentage of GDP,ES10,Public,_T,Total,TP01,Old age and survivors,_Z,Not applicable,1994,,5.657,,A,Normal value,0,Units,1,One,_Z,Not applicable,,
DATAFLOW,OECD.ELS.SPD:DSD_SOCX_AGG@DF_PUB_PRV(1.0),Public and private social expenditure,I,JPN,Japan,A,Annual,SOCX,Social expenditure,PT_B1GQ,Percentage of GDP,ES10,Public,_T,Total,TP01,Old age and survivors,_Z,Not applicable,1995,,5.997,,A,Normal value,0,Units,1,One,_Z,Not applicable,,
DATAFLOW,OECD.ELS.SPD:DSD_SOCX_AGG@DF_PUB_PRV(1.0),Public and private social expenditure,I,SWE,Sweden,A,Annual,SOCX,Social expenditure,PT_B1GQ,Percentage of GDP,ES10,Public,_T,Total,TP01,Old age and survivors,_Z,Not applicable,2009,,10.8,,A,Normal value,0,Units,1,One,_Z,Not applicable,,
DATAFLOW,OECD.ELS.SPD:DSD_SOCX_AGG@DF_PUB_PRV(1.0),Public and private social expenditure,I,SWE,Sweden,A,Annual,SOCX,Social expenditure,PT_B1GQ,Percentage of GDP,ES10,Public,_T,Total,TP01,Old age and survivors,_Z,Not applicable,2010,,10.256,,A,Normal value,0,Units,1,One,_Z,Not applicable,,
DATAFLOW,OECD.ELS.SPD:DSD_SOCX_AGG@DF_PUB_PRV(1.0),Public and private social expenditure,I,SWE,Sweden,A,Annual,SOCX,Social expenditure,PT_B1GQ,Percentage of GDP,ES10,Public,_T,Total,TP01,Old age and survivors,_Z,Not applicable,2011,,10.061,,A,Normal value,0,Units,1,One,_Z,Not applicable,,
DATAFLOW,OECD.ELS.SPD:DSD_SOCX_AGG@DF_PUB_PRV(1.0),Public and private social expenditure,I,SWE,Sweden,A,Annual,SOCX,Social expenditure,PT_B1GQ,Percentage of GDP,ES10,Public,_T,Total,TP01,Old age and survivors,_Z,Not applicable,2012,,10.8,,A,Normal value,0,Units,1,One,_Z,Not applicable,,
DATAFLOW,OECD.ELS.SPD:DSD_SOCX_AGG@DF_PUB_PRV(1.0),Public and private social expenditure,I,SWE,Sweden,A,Annual,SOCX,Social expenditure,PT_B1GQ,Percentage of GDP,ES10,Public,_T,Total,TP01,Old age and survivors,_Z,Not applicable,2013,,11.152,,A,Normal value,0,Units,1,One,_Z,Not applicable,,
DATAFLOW,OECD.ELS.SPD:DSD_SOCX_AGG@DF_PUB_PRV(1.0),Public and private social expenditure,I,SWE,Sweden,A,Annual,SOCX,Social expenditure,PT_B1GQ,Percentage of GDP,ES10,Public,_T,Total,TP01,Old age and survivors,_Z,Not applicable,2014,,10.915,,A,Normal value,0,Units,1,One,_Z,Not applicable,,
DATAFLOW,OECD.ELS.SPD:DSD_SOCX_AGG@DF_PUB_PRV(1.0),Public and private social expenditure,I,SWE,Sweden,A,Annual,SOCX,Social expenditure,PT_B1GQ,Percentage of GDP,ES10,Public,_T,Total,TP01,Old age and survivors,_Z,Not applicable,2015,,10.681,,A,Normal value,0,Units,1,One,_Z,Not applicable,,
DATAFLOW,OECD.ELS.SPD:DSD_SOCX_AGG@DF_PUB_PRV(1.0),Public and private social expenditure,I,SWE,Sweden,A,Annual,SOCX,Social expenditure,PT_B1GQ,Percentage of GDP,ES10,Public,_T,Total,TP01,Old age and survivors,_Z,Not applicable,2016,,10.71,,A,Normal value,0,Units,1,One,_Z,Not applicable,,
DATAFLOW,OECD.ELS.SPD:DSD_SOCX_AGG@DF_PUB_PRV(1.0),Public and private social expenditure,I,SWE,Sweden,A,Annual,SOCX,Social expenditure,PT_B1GQ,Percentage of GDP,ES10,Public,_T,Total,TP01,Old age and survivors,_Z,Not applicable,2017,,10.725,,A,Normal value,0,Units,1,One,_Z,Not applicable,,
DATAFLOW,OECD.ELS.SPD:DSD_SOCX_AGG@DF_PUB_PRV(1.0),Public and private social expenditure,I,SWE,Sweden,A,Annual,SOCX,Social expenditure,PT_B1GQ,Percentage of GDP,ES10,Public,_T,Total,TP01,Old age and survivors,_Z,Not applicable,2018,,10.606,,A,Normal value,0,Units,1,One,_Z,Not applicable,,
DATAFLOW,OECD.ELS.SPD:DSD_SOCX_AGG@DF_PUB_PRV(1.0),Public and private social expenditure,I,SWE,Sweden,A,Annual,SOCX,Social expenditure,PT_B1GQ,Percentage of GDP,ES10,Public,_T,Total,TP01,Old age and survivors,_Z,Not applicable,2019,,10.418,,A,Normal value,0,Units,1,One,_Z,Not applicable,,
DATAFLOW,OECD.ELS.SPD:DSD_SOCX_AGG@DF_PUB_PRV(1.0),Public and private social expenditure,I,SWE,Sweden,A,Annual,SOCX,Social expenditure,PT_B1GQ,Percentage of GDP,ES10,Public,_T,Total,TP01,Old age and survivors,_Z,Not applicable,2020,,10.915,,A,Normal value,0,Units,1,One,_Z,Not applicable,,
DATAFLOW,OECD.ELS.SPD:DSD_SOCX_AGG@DF_PUB_PRV(1.0),Public and private social expenditure,I,SWE,Sweden,A,Annual,SOCX,Social expenditure,PT_B1GQ,Percentage of GDP,ES10,Public,_T,Total,TP01,Old age and survivors,_Z,Not applicable,2021,,10.297,,A,Normal value,0,Units,1,One,_Z,Not applicable,,
DATAFLOW,OECD.ELS.SPD:DSD_SOCX_AGG@DF_PUB_PRV(1.0),Public and private social expenditure,I,SWE,Sweden,A,Annual,SOCX,Social expenditure,PT_B1GQ,Percentage of GDP,ES10,Public,_T,Total,TP01,Old age and survivors,_Z,Not applicable,1996,,10.827,,A,Normal value,0,Units,1,One,_Z,Not applicable,,
DATAFLOW,OECD.ELS.SPD:DSD_SOCX_AGG@DF_PUB_PRV(1.0),Public and private social expenditure,I,SWE,Sweden,A,Annual,SOCX,Social expenditure,PT_B1GQ,Percentage of GDP,ES10,Public,_T,Total,TP01,Old age and survivors,_Z,Not applicable,1997,,10.468,,A,Normal value,0,Units,1,One,_Z,Not applicable,,
DATAFLOW,OECD.ELS.SPD:DSD_SOCX_AGG@DF_PUB_PRV(1.0),Public and private social expenditure,I,SWE,Sweden,A,Annual,SOCX,Social expenditure,PT_B1GQ,Percentage of GDP,ES10,Public,_T,Total,TP01,Old age and survivors,_Z,Not applicable,1998,,10.203,,A,Normal value,0,Units,1,One,_Z,Not applicable,,
DATAFLOW,OECD.ELS.SPD:DSD_SOCX_AGG@DF_PUB_PRV(1.0),Public and private social expenditure,I,SWE,Sweden,A,Annual,SOCX,Social expenditure,PT_B1GQ,Percentage of GDP,ES10,Public,_T,Total,TP01,Old age and survivors,_Z,Not applicable,1999,,10.026,,A,Normal value,0,Units,1,One,_Z,Not applicable,,
DATAFLOW,OECD.ELS.SPD:DSD_SOCX_AGG@DF_PUB_PRV(1.0),Public and private social expenditure,I,SWE,Sweden,A,Annual,SOCX,Social expenditure,PT_B1GQ,Percentage of GDP,ES10,Public,_T,Total,TP01,Old age and survivors,_Z,Not applicable,2000,,9.478,,A,Normal value,0,Units,1,One,_Z,Not applicable,,
DATAFLOW,OECD.ELS.SPD:DSD_SOCX_AGG@DF_PUB_PRV(1.0),Public and private social expenditure,I,SWE,Sweden,A,Annual,SOCX,Social expenditure,PT_B1GQ,Percentage of GDP,ES10,Public,_T,Total,TP01,Old age and survivors,_Z,Not applicable,2001,,9.467,,A,Normal value,0,Units,1,One,_Z,Not applicable,,
DATAFLOW,OECD.ELS.SPD:DSD_SOCX_AGG@DF_PUB_PRV(1.0),Public and private social expenditure,I,SWE,Sweden,A,Annual,SOCX,Social expenditure,PT_B1GQ,Percentage of GDP,ES10,Public,_T,Total,TP01,Old age and survivors,_Z,Not applicable,2002,,9.59,,A,Normal value,0,Units,1,One,_Z,Not applicable,,
DATAFLOW,OECD.ELS.SPD:DSD_SOCX_AGG@DF_PUB_PRV(1.0),Public and private social expenditure,I,SWE,Sweden,A,Annual,SOCX,Social expenditure,PT_B1GQ,Percentage of GDP,ES10,Public,_T,Total,TP01,Old age and survivors,_Z,Not applicable,2003,,10.158,,A,Normal value,0,Units,1,One,_Z,Not applicable,,
DATAFLOW,OECD.ELS.SPD:DSD_SOCX_AGG@DF_PUB_PRV(1.0),Public and private social expenditure,I,SWE,Sweden,A,Annual,SOCX,Social expenditure,PT_B1GQ,Percentage of GDP,ES10,Public,_T,Total,TP01,Old age and survivors,_Z,Not applicable,2004,,10.026,,A,Normal value,0,Units,1,One,_Z,Not applicable,,
DATAFLOW,OECD.ELS.SPD:DSD_SOCX_AGG@DF_PUB_PRV(1.0),Public and private social expenditure,I,SWE,Sweden,A,Annual,SOCX,Social expenditure,PT_B1GQ,Percentage of GDP,ES10,Public,_T,Total,TP01,Old age and survivors,_Z,Not applicable,2005,,9.915,,A,Normal value,0,Units,1,One,_Z,Not applicable,,
DATAFLOW,OECD.ELS.SPD:DSD_SOCX_AGG@DF_PUB_PRV(1.0),Public and private social expenditure,I,SWE,Sweden,A,Annual,SOCX,Social expenditure,PT_B1GQ,Percentage of GDP,ES10,Public,_T,Total,TP01,Old age and survivors,_Z,Not applicable,2006,,9.634,,A,Normal value,0,Units,1,One,_Z,Not applicable,,
DATAFLOW,OECD.ELS.SPD:DSD_SOCX_AGG@DF_PUB_PRV(1.0),Public and private social expenditure,I,SWE,Sweden,A,Annual,SOCX,Social expenditure,PT_B1GQ,Percentage of GDP,ES10,Public,_T,Total,TP01,Old age and survivors,_Z,Not applicable,2007,,9.463,,A,Normal value,0,Units,1,One,_Z,Not applicable,,
DATAFLOW,OECD.ELS.SPD:DSD_SOCX_AGG@DF_PUB_PRV(1.0),Public and private social expenditure,I,SWE,Sweden,A,Annual,SOCX,Social expenditure,PT_B1GQ,Percentage of GDP,ES10,Public,_T,Total,TP01,Old age and survivors,_Z,Not applicable,2008,,9.894,,A,Normal value,0,Units,1,One,_Z,Not applicable,,
DATAFLOW,OECD.ELS.SPD:DSD_SOCX_AGG@DF_PUB_PRV(1.0),Public and private social expenditure,I,SWE,Sweden,A,Annual,SOCX,Social expenditure,PT_B1GQ,Percentage of GDP,ES10,Public,_T,Total,TP01,Old age and survivors,_Z,Not applicable,1990,,8.607,,A,Normal value,0,Units,1,One,_Z,Not applicable,,
DATAFLOW,OECD.ELS.SPD:DSD_SOCX_AGG@DF_PUB_PRV(1.0),Public and private social expenditure,I,SWE,Sweden,A,Annual,SOCX,Social expenditure,PT_B1GQ,Percentage of GDP,ES10,Public,_T,Total,TP01,Old age and survivors,_Z,Not applicable,1991,,8.911,,A,Normal value,0,Units,1,One,_Z,Not applicable,,
DATAFLOW,OECD.ELS.SPD:DSD_SOCX_AGG@DF_PUB_PRV(1.0),Public and private social expenditure,I,SWE,Sweden,A,Annual,SOCX,Social expenditure,PT_B1GQ,Percentage of GDP,ES10,Public,_T,Total,TP01,Old age and survivors,_Z,Not applicable,1992,,10.471,,A,Normal value,0,Units,1,One,_Z,Not applicable,,
DATAFLOW,OECD.ELS.SPD:DSD_SOCX_AGG@DF_PUB_PRV(1.0),Public and private social expenditure,I,SWE,Sweden,A,Annual,SOCX,Social expenditure,PT_B1GQ,Percentage of GDP,ES10,Public,_T,Total,TP01,Old age and survivors,_Z,Not applicable,1993,,11.564,,A,Normal value,0,Units,1,One,_Z,Not applicable,,
DATAFLOW,OECD.ELS.SPD:DSD_SOCX_AGG@DF_PUB_PRV(1.0),Public and private social expenditure,I,SWE,Sweden,A,Annual,SOCX,Social expenditure,PT_B1GQ,Percentage of GDP,ES10,Public,_T,Total,TP01,Old age and survivors,_Z,Not applicable,1994,,11.261,,A,Normal value,0,Units,1,One,_Z,Not applicable,,
DATAFLOW,OECD.ELS.SPD:DSD_SOCX_AGG@DF_PUB_PRV(1.0),Public and private social expenditure,I,SWE,Sweden,A,Annual,SOCX,Social expenditure,PT_B1GQ,Percentage of GDP,ES10,Public,_T,Total,TP01,Old age and survivors,_Z,Not applicable,1995,,10.643,,A,Normal value,0,Units,1,One,_Z,Not applicable,,
DATAFLOW,OECD.ELS.SPD:DSD_SOCX_AGG@DF_PUB_PRV(1.0),Public and private social expenditure,I,ITA,Italy,A,Annual,SOCX,Social expenditure,PT_B1GQ,Percentage of GDP,ES10,Public,_T,Total,TP01,Old age and survivors,_Z,Not applicable,2009,,15.281,,A,Normal value,0,Units,1,One,_Z,Not applicable,,
DATAFLOW,OECD.ELS.SPD:DSD_SOCX_AGG@DF_PUB_PRV(1.0),Public and private social expenditure,I,ITA,Italy,A,Annual,SOCX,Social expenditure,PT_B1GQ,Percentage of GDP,ES10,Public,_T,Total,TP01,Old age and survivors,_Z,Not applicable,2010,,15.44,,A,Normal value,0,Units,1,One,_Z,Not applicable,,
DATAFLOW,OECD.ELS.SPD:DSD_SOCX_AGG@DF_PUB_PRV(1.0),Public and private social expenditure,I,ITA,Italy,A,Annual,SOCX,Social expenditure,PT_B1GQ,Percentage of GDP,ES10,Public,_T,Total,TP01,Old age and survivors,_Z,Not applicable,2011,,15.397,,A,Normal value,0,Units,1,One,_Z,Not applicable,,
DATAFLOW,OECD.ELS.SPD:DSD_SOCX_AGG@DF_PUB_PRV(1.0),Public and private social expenditure,I,ITA,Italy,A,Annual,SOCX,Social expenditure,PT_B1GQ,Percentage of GDP,ES10,Public,_T,Total,TP01,Old age and survivors,_Z,Not applicable,2012,,15.799,,A,Normal value,0,Units,1,One,_Z,Not applicable,,
DATAFLOW,OECD.ELS.SPD:DSD_SOCX_AGG@DF_PUB_PRV(1.0),Public and private social expenditure,I,ITA,Italy,A,Annual,SOCX,Social expenditure,PT_B1GQ,Percentage of GDP,ES10,Public,_T,Total,TP01,Old age and survivors,_Z,Not applicable,2013,,16.205,,A,Normal value,0,Units,1,One,_Z,Not applicable,,
DATAFLOW,OECD.ELS.SPD:DSD_SOCX_AGG@DF_PUB_PRV(1.0),Public and private social expenditure,I,ITA,Italy,A,Annual,SOCX,Social expenditure,PT_B1GQ,Percentage of GDP,ES10,Public,_T,Total,TP01,Old age and survivors,_Z,Not applicable,2014,,16.083,,A,Normal value,0,Units,1,One,_Z,Not applicable,,
DATAFLOW,OECD.ELS.SPD:DSD_SOCX_AGG@DF_PUB_PRV(1.0),Public and private social expenditure,I,ITA,Italy,A,Annual,SOCX,Social expenditure,PT_B1GQ,Percentage of GDP,ES10,Public,_T,Total,TP01,Old age and survivors,_Z,Not applicable,2015,,16.066,,A,Normal value,0,Units,1,One,_Z,Not applicable,,
DATAFLOW,OECD.ELS.SPD:DSD_SOCX_AGG@DF_PUB_PRV(1.0),Public and private social expenditure,I,ITA,Italy,A,Annual,SOCX,Social expenditure,PT_B1GQ,Percentage of GDP,ES10,Public,_T,Total,TP01,Old age and survivors,_Z,Not applicable,2016,,15.679,,A,Normal value,0,Units,1,One,_Z,Not applicable,,
DATAFLOW,OECD.ELS.SPD:DSD_SOCX_AGG@DF_PUB_PRV(1.0),Public and private social expenditure,I,ITA,Italy,A,Annual,SOCX,Social expenditure,PT_B1GQ,Percentage of GDP,ES10,Public,_T,Total,TP01,Old age and survivors,_Z,Not applicable,2017,,15.547,,A,Normal value,0,Units,1,One,_Z,Not applicable,,
DATAFLOW,OECD.ELS.SPD:DSD_SOCX_AGG@DF_PUB_PRV(1.0),Public and private social expenditure,I,ITA,Italy,A,Annual,SOCX,Social expenditure,PT_B1GQ,Percentage of GDP,ES10,Public,_T,Total,TP01,Old age and survivors,_Z,Not applicable,2018,,15.548,,A,Normal value,0,Units,1,One,_Z,Not applicable,,
DATAFLOW,OECD.ELS.SPD:DSD_SOCX_AGG@DF_PUB_PRV(1.0),Public and private social expenditure,I,ITA,Italy,A,Annual,SOCX,Social expenditure,PT_B1GQ,Percentage of GDP,ES10,Public,_T,Total,TP01,Old age and survivors,_Z,Not applicable,2019,,15.767,,A,Normal value,0,Units,1,One,_Z,Not applicable,,
DATAFLOW,OECD.ELS.SPD:DSD_SOCX_AGG@DF_PUB_PRV(1.0),Public and private social expenditure,I,ITA,Italy,A,Annual,SOCX,Social expenditure,PT_B1GQ,Percentage of GDP,ES10,Public,_T,Total,TP01,Old age and survivors,_Z,Not applicable,2020,,17.503,,A,Normal value,0,Units,1,One,_Z,Not applicable,,
DATAFLOW,OECD.ELS.SPD:DSD_SOCX_AGG@DF_PUB_PRV(1.0),Public and private social expenditure,I,ITA,Italy,A,Annual,SOCX,Social expenditure,PT_B1GQ,Percentage of GDP,ES10,Public,_T,Total,TP01,Old age and survivors,_Z,Not applicable,2021,,16.163,,A,Normal value,0,Units,1,One,_Z,Not applicable,,
DATAFLOW,OECD.ELS.SPD:DSD_SOCX_AGG@DF_PUB_PRV(1.0),Public and private social expenditure,I,ITA,Italy,A,Annual,SOCX,Social expenditure,PT_B1GQ,Percentage of GDP,ES10,Public,_T,Total,TP01,Old age and survivors,_Z,Not applicable,1996,,13.432,,A,Normal value,0,Units,1,One,_Z,Not applicable,,
DATAFLOW,OECD.ELS.SPD:DSD_SOCX_AGG@DF_PUB_PRV(1.0),Public and private social expenditure,I,ITA,Italy,A,Annual,SOCX,Social expenditure,PT_B1GQ,Percentage of GDP,ES10,Public,_T,Total,TP01,Old age and survivors,_Z,Not applicable,1997,,13.837,,A,Normal value,0,Units,1,One,_Z,Not applicable,,
DATAFLOW,OECD.ELS.SPD:DSD_SOCX_AGG@DF_PUB_PRV(1.0),Public and private social expenditure,I,ITA,Italy,A,Annual,SOCX,Social expenditure,PT_B1GQ,Percentage of GDP,ES10,Public,_T,Total,TP01,Old age and survivors,_Z,Not applicable,1998,,13.652,,A,Normal value,0,Units,1,One,_Z,Not applicable,,
DATAFLOW,OECD.ELS.SPD:DSD_SOCX_AGG@DF_PUB_PRV(1.0),Public and private social expenditure,I,ITA,Italy,A,Annual,SOCX,Social expenditure,PT_B1GQ,Percentage of GDP,ES10,Public,_T,Total,TP01,Old age and survivors,_Z,Not applicable,1999,,13.855,,A,Normal value,0,Units,1,One,_Z,Not applicable,,
DATAFLOW,OECD.ELS.SPD:DSD_SOCX_AGG@DF_PUB_PRV(1.0),Public and private social expenditure,I,ITA,Italy,A,Annual,SOCX,Social expenditure,PT_B1GQ,Percentage of GDP,ES10,Public,_T,Total,TP01,Old age and survivors,_Z,Not applicable,2000,,13.557,,A,Normal value,0,Units,1,One,_Z,Not applicable,,
DATAFLOW,OECD.ELS.SPD:DSD_SOCX_AGG@DF_PUB_PRV(1.0),Public and private social expenditure,I,ITA,Italy,A,Annual,SOCX,Social expenditure,PT_B1GQ,Percentage of GDP,ES10,Public,_T,Total,TP01,Old age and survivors,_Z,Not applicable,2001,,13.388,,A,Normal value,0,Units,1,One,_Z,Not applicable,,
DATAFLOW,OECD.ELS.SPD:DSD_SOCX_AGG@DF_PUB_PRV(1.0),Public and private social expenditure,I,ITA,Italy,A,Annual,SOCX,Social expenditure,PT_B1GQ,Percentage of GDP,ES10,Public,_T,Total,TP01,Old age and survivors,_Z,Not applicable,2002,,13.507,,A,Normal value,0,Units,1,One,_Z,Not applicable,,
DATAFLOW,OECD.ELS.SPD:DSD_SOCX_AGG@DF_PUB_PRV(1.0),Public and private social expenditure,I,ITA,Italy,A,Annual,SOCX,Social expenditure,PT_B1GQ,Percentage of GDP,ES10,Public,_T,Total,TP01,Old age and survivors,_Z,Not applicable,2003,,13.638,,A,Normal value,0,Units,1,One,_Z,Not applicable,,
DATAFLOW,OECD.ELS.SPD:DSD_SOCX_AGG@DF_PUB_PRV(1.0),Public and private social expenditure,I,ITA,Italy,A,Annual,SOCX,Social expenditure,PT_B1GQ,Percentage of GDP,ES10,Public,_T,Total,TP01,Old age and survivors,_Z,Not applicable,2004,,13.675,,A,Normal value,0,Units,1,One,_Z,Not applicable,,
DATAFLOW,OECD.ELS.SPD:DSD_SOCX_AGG@DF_PUB_PRV(1.0),Public and private social expenditure,I,ITA,Italy,A,Annual,SOCX,Social expenditure,PT_B1GQ,Percentage of GDP,ES10,Public,_T,Total,TP01,Old age and survivors,_Z,Not applicable,2005,,13.77,,A,Normal value,0,Units,1,One,_Z,Not applicable,,
DATAFLOW,OECD.ELS.SPD:DSD_SOCX_AGG@DF_PUB_PRV(1.0),Public and private social expenditure,I,ITA,Italy,A,Annual,SOCX,Social expenditure,PT_B1GQ,Percentage of GDP,ES10,Public,_T,Total,TP01,Old age and survivors,_Z,Not applicable,2006,,13.736,,A,Normal value,0,Units,1,One,_Z,Not applicable,,
DATAFLOW,OECD.ELS.SPD:DSD_SOCX_AGG@DF_PUB_PRV(1.0),Public and private social expenditure,I,ITA,Italy,A,Annual,SOCX,Social expenditure,PT_B1GQ,Percentage of GDP,ES10,Public,_T,Total,TP01,Old age and survivors,_Z,Not applicable,2007,,13.846,,A,Normal value,0,Units,1,One,_Z,Not applicable,,
DATAFLOW,OECD.ELS.SPD:DSD_SOCX_AGG@DF_PUB_PRV(1.0),Public and private social expenditure,I,ITA,Italy,A,Annual,SOCX,Social expenditure,PT_B1GQ,Percentage of GDP,ES10,Public,_T,Total,TP01,Old age and survivors,_Z,Not applicable,2008,,14.258,,A,Normal value,0,Units,1,One,_Z,Not applicable,,
DATAFLOW,OECD.ELS.SPD:DSD_SOCX_AGG@DF_PUB_PRV(1.0),Public and private social expenditure,I,ITA,Italy,A,Annual,SOCX,Social expenditure,PT_B1GQ,Percentage of GDP,ES10,Public,_T,Total,TP01,Old age and survivors,_Z,Not applicable,1990,,11.359,,A,Normal value,0,Units,1,One,_Z,Not applicable,,
DATAFLOW,OECD.ELS.SPD:DSD_SOCX_AGG@DF_PUB_PRV(1.0),Public and private social expenditure,I,ITA,Italy,A,Annual,SOCX,Social expenditure,PT_B1GQ,Percentage of GDP,ES10,Public,_T,Total,TP01,Old age and survivors,_Z,Not applicable,1991,,11.662,,A,Normal value,0,Units,1,One,_Z,Not applicable,,
DATAFLOW,OECD.ELS.SPD:DSD_SOCX_AGG@DF_PUB_PRV(1.0),Public and private social expenditure,I,ITA,Italy,A,Annual,SOCX,Social expenditure,PT_B1GQ,Percentage of GDP,ES10,Public,_T,Total,TP01,Old age and survivors,_Z,Not applicable,1992,,12.436,,A,Normal value,0,Units,1,One,_Z,Not applicable,,
DATAFLOW,OECD.ELS.SPD:DSD_SOCX_AGG@DF_PUB_PRV(1.0),Public and private social expenditure,I,ITA,Italy,A,Annual,SOCX,Social expenditure,PT_B1GQ,Percentage of GDP,ES10,Public,_T,Total,TP01,Old age and survivors,_Z,Not applicable,1993,,12.83,,A,Normal value,0,Units,1,One,_Z,Not applicable,,
DATAFLOW,OECD.ELS.SPD:DSD_SOCX_AGG@DF_PUB_PRV(1.0),Public and private social expenditure,I,ITA,Italy,A,Annual,SOCX,Social expenditure,PT_B1GQ,Percentage of GDP,ES10,Public,_T,Total,TP01,Old age and survivors,_Z,Not applicable,1994,,13.15,,A,Normal value,0,Units,1,One,_Z,Not applicable,,
DATAFLOW,OECD.ELS.SPD:DSD_SOCX_AGG@DF_PUB_PRV(1.0),Public and private social expenditure,I,ITA,Italy,A,Annual,SOCX,Social expenditure,PT_B1GQ,Percentage of GDP,ES10,Public,_T,Total,TP01,Old age and survivors,_Z,Not applicable,1995,,13.125,,A,Normal value,0,Units,1,One,_Z,Not applicable,,
DATAFLOW,OECD.ELS.SPD:DSD_SOCX_AGG@DF_PUB_PRV(1.0),Public and private social expenditure,I,FRA,France,A,Annual,SOCX,Social expenditure,PT_B1GQ,Percentage of GDP,ES10,Public,_T,Total,TP01,Old age and survivors,_Z,Not applicable,2009,,13.532,,A,Normal value,0,Units,1,One,_Z,Not applicable,,
DATAFLOW,OECD.ELS.SPD:DSD_SOCX_AGG@DF_PUB_PRV(1.0),Public and private social expenditure,I,FRA,France,A,Annual,SOCX,Social expenditure,PT_B1GQ,Percentage of GDP,ES10,Public,_T,Total,TP01,Old age and survivors,_Z,Not applicable,2010,,13.606,,A,Normal value,0,Units,1,One,_Z,Not applicable,,
DATAFLOW,OECD.ELS.SPD:DSD_SOCX_AGG@DF_PUB_PRV(1.0),Public and private social expenditure,I,FRA,France,A,Annual,SOCX,Social expenditure,PT_B1GQ,Percentage of GDP,ES10,Public,_T,Total,TP01,Old age and survivors,_Z,Not applicable,2011,,13.702,,A,Normal value,0,Units,1,One,_Z,Not applicable,,
DATAFLOW,OECD.ELS.SPD:DSD_SOCX_AGG@DF_PUB_PRV(1.0),Public and private social expenditure,I,FRA,France,A,Annual,SOCX,Social expenditure,PT_B1GQ,Percentage of GDP,ES10,Public,_T,Total,TP01,Old age and survivors,_Z,Not applicable,2012,,14.004,,A,Normal value,0,Units,1,One,_Z,Not applicable,,
DATAFLOW,OECD.ELS.SPD:DSD_SOCX_AGG@DF_PUB_PRV(1.0),Public and private social expenditure,I,FRA,France,A,Annual,SOCX,Social expenditure,PT_B1GQ,Percentage of GDP,ES10,Public,_T,Total,TP01,Old age and survivors,_Z,Not applicable,2013,,14.205,,A,Normal value,0,Units,1,One,_Z,Not applicable,,
DATAFLOW,OECD.ELS.SPD:DSD_SOCX_AGG@DF_PUB_PRV(1.0),Public and private social expenditure,I,FRA,France,A,Annual,SOCX,Social expenditure,PT_B1GQ,Percentage of GDP,ES10,Public,_T,Total,TP01,Old age and survivors,_Z,Not applicable,2014,,14.272,,A,Normal value,0,Units,1,One,_Z,Not applicable,,
DATAFLOW,OECD.ELS.SPD:DSD_SOCX_AGG@DF_PUB_PRV(1.0),Public and private social expenditure,I,FRA,France,A,Annual,SOCX,Social expenditure,PT_B1GQ,Percentage of GDP,ES10,Public,_T,Total,TP01,Old age and survivors,_Z,Not applicable,2015,,14.2,,A,Normal value,0,Units,1,One,_Z,Not applicable,,
DATAFLOW,OECD.ELS.SPD:DSD_SOCX_AGG@DF_PUB_PRV(1.0),Public and private social expenditure,I,FRA,France,A,Annual,SOCX,Social expenditure,PT_B1GQ,Percentage of GDP,ES10,Public,_T,Total,TP01,Old age and survivors,_Z,Not applicable,2016,,14.24,,A,Normal value,0,Units,1,One,_Z,Not applicable,,
DATAFLOW,OECD.ELS.SPD:DSD_SOCX_AGG@DF_PUB_PRV(1.0),Public and private social expenditure,I,FRA,France,A,Annual,SOCX,Social expenditure,PT_B1GQ,Percentage of GDP,ES10,Public,_T,Total,TP01,Old age and survivors,_Z,Not applicable,2017,,14.097,,A,Normal value,0,Units,1,One,_Z,Not applicable,,
DATAFLOW,OECD.ELS.SPD:DSD_SOCX_AGG@DF_PUB_PRV(1.0),Public and private social expenditure,I,FRA,France,A,Annual,SOCX,Social expenditure,PT_B1GQ,Percentage of GDP,ES10,Public,_T,Total,TP01,Old age and survivors,_Z,Not applicable,2018,,14.059,,A,Normal value,0,Units,1,One,_Z,Not applicable,,
DATAFLOW,OECD.ELS.SPD:DSD_SOCX_AGG@DF_PUB_PRV(1.0),Public and private social expenditure,I,FRA,France,A,Annual,SOCX,Social expenditure,PT_B1GQ,Percentage of GDP,ES10,Public,_T,Total,TP01,Old age and survivors,_Z,Not applicable,2019,,13.899,,A,Normal value,0,Units,1,One,_Z,Not applicable,,
DATAFLOW,OECD.ELS.SPD:DSD_SOCX_AGG@DF_PUB_PRV(1.0),Public and private social expenditure,I,FRA,France,A,Annual,SOCX,Social expenditure,PT_B1GQ,Percentage of GDP,ES10,Public,_T,Total,TP01,Old age and survivors,_Z,Not applicable,2020,,14.882,,A,Normal value,0,Units,1,One,_Z,Not applicable,,
DATAFLOW,OECD.ELS.SPD:DSD_SOCX_AGG@DF_PUB_PRV(1.0),Public and private social expenditure,I,FRA,France,A,Annual,SOCX,Social expenditure,PT_B1GQ,Percentage of GDP,ES10,Public,_T,Total,TP01,Old age and survivors,_Z,Not applicable,2021,,13.999,,A,Normal value,0,Units,1,One,_Z,Not applicable,,
DATAFLOW,OECD.ELS.SPD:DSD_SOCX_AGG@DF_PUB_PRV(1.0),Public and private social expenditure,I,FRA,France,A,Annual,SOCX,Social expenditure,PT_B1GQ,Percentage of GDP,ES10,Public,_T,Total,TP01,Old age and survivors,_Z,Not applicable,2022,,13.803,,A,Normal value,0,Units,1,One,_Z,Not applicable,,
DATAFLOW,OECD.ELS.SPD:DSD_SOCX_AGG@DF_PUB_PRV(1.0),Public and private social expenditure,I,FRA,France,A,Annual,SOCX,Social expenditure,PT_B1GQ,Percentage of GDP,ES10,Public,_T,Total,TP01,Old age and survivors,_Z,Not applicable,1996,,12.197,,A,Normal value,0,Units,1,One,_Z,Not applicable,,
DATAFLOW,OECD.ELS.SPD:DSD_SOCX_AGG@DF_PUB_PRV(1.0),Public and private social expenditure,I,FRA,France,A,Annual,SOCX,Social expenditure,PT_B1GQ,Percentage of GDP,ES10,Public,_T,Total,TP01,Old age and survivors,_Z,Not applicable,1997,,12.143,,A,Normal value,0,Units,1,One,_Z,Not applicable,,
DATAFLOW,OECD.ELS.SPD:DSD_SOCX_AGG@DF_PUB_PRV(1.0),Public and private social expenditure,I,FRA,France,A,Annual,SOCX,Social expenditure,PT_B1GQ,Percentage of GDP,ES10,Public,_T,Total,TP01,Old age and survivors,_Z,Not applicable,1998,,12.009,,A,Normal value,0,Units,1,One,_Z,Not applicable,,
DATAFLOW,OECD.ELS.SPD:DSD_SOCX_AGG@DF_PUB_PRV(1.0),Public and private social expenditure,I,FRA,France,A,Annual,SOCX,Social expenditure,PT_B1GQ,Percentage of GDP,ES10,Public,_T,Total,TP01,Old age and survivors,_Z,Not applicable,1999,,11.994,,A,Normal value,0,Units,1,One,_Z,Not applicable,,
DATAFLOW,OECD.ELS.SPD:DSD_SOCX_AGG@DF_PUB_PRV(1.0),Public and private social expenditure,I,FRA,France,A,Annual,SOCX,Social expenditure,PT_B1GQ,Percentage of GDP,ES10,Public,_T,Total,TP01,Old age and survivors,_Z,Not applicable,2000,,11.736,,A,Normal value,0,Units,1,One,_Z,Not applicable,,
DATAFLOW,OECD.ELS.SPD:DSD_SOCX_AGG@DF_PUB_PRV(1.0),Public and private social expenditure,I,FRA,France,A,Annual,SOCX,Social expenditure,PT_B1GQ,Percentage of GDP,ES10,Public,_T,Total,TP01,Old age and survivors,_Z,Not applicable,2001,,11.768,,A,Normal value,0,Units,1,One,_Z,Not applicable,,
DATAFLOW,OECD.ELS.SPD:DSD_SOCX_AGG@DF_PUB_PRV(1.0),Public and private social expenditure,I,FRA,France,A,Annual,SOCX,Social expenditure,PT_B1GQ,Percentage of GDP,ES10,Public,_T,Total,TP01,Old age and survivors,_Z,Not applicable,2002,,11.952,,A,Normal value,0,Units,1,One,_Z,Not applicable,,
DATAFLOW,OECD.ELS.SPD:DSD_SOCX_AGG@DF_PUB_PRV(1.0),Public and private social expenditure,I,FRA,France,A,Annual,SOCX,Social expenditure,PT_B1GQ,Percentage of GDP,ES10,Public,_T,Total,TP01,Old age and survivors,_Z,Not applicable,2003,,12.114,,A,Normal value,0,Units,1,One,_Z,Not applicable,,
DATAFLOW,OECD.ELS.SPD:DSD_SOCX_AGG@DF_PUB_PRV(1.0),Public and private social expenditure,I,FRA,France,A,Annual,SOCX,Social expenditure,PT_B1GQ,Percentage of GDP,ES10,Public,_T,Total,TP01,Old age and survivors,_Z,Not applicable,2004,,12.204,,A,Normal value,0,Units,1,One,_Z,Not applicable,,
DATAFLOW,OECD.ELS.SPD:DSD_SOCX_AGG@DF_PUB_PRV(1.0),Public and private social expenditure,I,FRA,France,A,Annual,SOCX,Social expenditure,PT_B1GQ,Percentage of GDP,ES10,Public,_T,Total,TP01,Old age and survivors,_Z,Not applicable,2005,,12.366,,A,Normal value,0,Units,1,One,_Z,Not applicable,,
DATAFLOW,OECD.ELS.SPD:DSD_SOCX_AGG@DF_PUB_PRV(1.0),Public and private social expenditure,I,FRA,France,A,Annual,SOCX,Social expenditure,PT_B1GQ,Percentage of GDP,ES10,Public,_T,Total,TP01,Old age and survivors,_Z,Not applicable,2006,,12.2,,A,Normal value,0,Units,1,One,_Z,Not applicable,,
DATAFLOW,OECD.ELS.SPD:DSD_SOCX_AGG@DF_PUB_PRV(1.0),Public and private social expenditure,I,FRA,France,A,Annual,SOCX,Social expenditure,PT_B1GQ,Percentage of GDP,ES10,Public,_T,Total,TP01,Old age and survivors,_Z,Not applicable,2007,,12.306,,A,Normal value,0,Units,1,One,_Z,Not applicable,,
DATAFLOW,OECD.ELS.SPD:DSD_SOCX_AGG@DF_PUB_PRV(1.0),Public and private social expenditure,I,FRA,France,A,Annual,SOCX,Social expenditure,PT_B1GQ,Percentage of GDP,ES10,Public,_T,Total,TP01,Old age and survivors,_Z,Not applicable,2008,,12.602,,A,Normal value,0,Units,1,One,_Z,Not applicable,,
DATAFLOW,OECD.ELS.SPD:DSD_SOCX_AGG@DF_PUB_PRV(1.0),Public and private social expenditure,I,FRA,France,A,Annual,SOCX,Social expenditure,PT_B1GQ,Percentage of GDP,ES10,Public,_T,Total,TP01,Old age and survivors,_Z,Not applicable,1990,,10.693,,A,Normal value,0,Units,1,One,_Z,Not applicable,,
DATAFLOW,OECD.ELS.SPD:DSD_SOCX_AGG@DF_PUB_PRV(1.0),Public and private social expenditure,I,FRA,France,A,Annual,SOCX,Social expenditure,PT_B1GQ,Percentage of GDP,ES10,Public,_T,Total,TP01,Old age and survivors,_Z,Not applicable,1991,,10.958,,A,Normal value,0,Units,1,One,_Z,Not applicable,,
DATAFLOW,OECD.ELS.SPD:DSD_SOCX_AGG@DF_PUB_PRV(1.0),Public and private social expenditure,I,FRA,France,A,Annual,SOCX,Social expenditure,PT_B1GQ,Percentage of GDP,ES10,Public,_T,Total,TP01,Old age and survivors,_Z,Not applicable,1992,,11.297,,A,Normal value,0,Units,1,One,_Z,Not applicable,,
DATAFLOW,OECD.ELS.SPD:DSD_SOCX_AGG@DF_PUB_PRV(1.0),Public and private social expenditure,I,FRA,France,A,Annual,SOCX,Social expenditure,PT_B1GQ,Percentage of GDP,ES10,Public,_T,Total,TP01,Old age and survivors,_Z,Not applicable,1993,,11.77,,A,Normal value,0,Units,1,One,_Z,Not applicable,,
DATAFLOW,OECD.ELS.SPD:DSD_SOCX_AGG@DF_PUB_PRV(1.0),Public and private social expenditure,I,FRA,France,A,Annual,SOCX,Social expenditure,PT_B1GQ,Percentage of GDP,ES10,Public,_T,Total,TP01,Old age and survivors,_Z,Not applicable,1994,,11.91,,A,Normal value,0,Units,1,One,_Z,Not applicable,,
DATAFLOW,OECD.ELS.SPD:DSD_SOCX_AGG@DF_PUB_PRV(1.0),Public and private social expenditure,I,FRA,France,A,Annual,SOCX,Social expenditure,PT_B1GQ,Percentage of GDP,ES10,Public,_T,Total,TP01,Old age and survivors,_Z,Not applicable,1995,,12.056,,A,Normal value,0,Units,1,One,_Z,Not applicable,,
DATAFLOW,OECD.ELS.SPD:DSD_SOCX_AGG@DF_PUB_PRV(1.0),Public and private social expenditure,I,DEU,Germany,A,Annual,SOCX,Social expenditure,PT_B1GQ,Percentage of GDP,ES10,Public,_T,Total,TP01,Old age and survivors,_Z,Not applicable,2009,,11.621,,A,Normal value,0,Units,1,One,_Z,Not applicable,,
DATAFLOW,OECD.ELS.SPD:DSD_SOCX_AGG@DF_PUB_PRV(1.0),Public and private social expenditure,I,DEU,Germany,A,Annual,SOCX,Social expenditure,PT_B1GQ,Percentage of GDP,ES10,Public,_T,Total,TP01,Old age and survivors,_Z,Not applicable,2010,,11.301,,A,Normal value,0,Units,1,One,_Z,Not applicable,,
DATAFLOW,OECD.ELS.SPD:DSD_SOCX_AGG@DF_PUB_PRV(1.0),Public and private social expenditure,I,DEU,Germany,A,Annual,SOCX,Social expenditure,PT_B1GQ,Percentage of GDP,ES10,Public,_T,Total,TP01,Old age and survivors,_Z,Not applicable,2011,,10.849,,A,Normal value,0,Units,1,One,_Z,Not applicable,,
DATAFLOW,OECD.ELS.SPD:DSD_SOCX_AGG@DF_PUB_PRV(1.0),Public and private social expenditure,I,DEU,Germany,A,Annual,SOCX,Social expenditure,PT_B1GQ,Percentage of GDP,ES10,Public,_T,Total,TP01,Old age and survivors,_Z,Not applicable,2012,,10.863,,A,Normal value,0,Units,1,One,_Z,Not applicable,,
DATAFLOW,OECD.ELS.SPD:DSD_SOCX_AGG@DF_PUB_PRV(1.0),Public and private social expenditure,I,DEU,Germany,A,Annual,SOCX,Social expenditure,PT_B1GQ,Percentage of GDP,ES10,Public,_T,Total,TP01,Old age and survivors,_Z,Not applicable,2013,,10.802,,A,Normal value,0,Units,1,One,_Z,Not applicable,,
DATAFLOW,OECD.ELS.SPD:DSD_SOCX_AGG@DF_PUB_PRV(1.0),Public and private social expenditure,I,DEU,Germany,A,Annual,SOCX,Social expenditure,PT_B1GQ,Percentage of GDP,ES10,Public,_T,Total,TP01,Old age and survivors,_Z,Not applicable,2014,,10.713,,A,Normal value,0,Units,1,One,_Z,Not applicable,,
DATAFLOW,OECD.ELS.SPD:DSD_SOCX_AGG@DF_PUB_PRV(1.0),Public and private social expenditure,I,DEU,Germany,A,Annual,SOCX,Social expenditure,PT_B1GQ,Percentage of GDP,ES10,Public,_T,Total,TP01,Old age and survivors,_Z,Not applicable,2015,,10.847,,A,Normal value,0,Units,1,One,_Z,Not applicable,,
DATAFLOW,OECD.ELS.SPD:DSD_SOCX_AGG@DF_PUB_PRV(1.0),Public and private social expenditure,I,DEU,Germany,A,Annual,SOCX,Social expenditure,PT_B1GQ,Percentage of GDP,ES10,Public,_T,Total,TP01,Old age and survivors,_Z,Not applicable,2016,,10.878,,A,Normal value,0,Units,1,One,_Z,Not applicable,,
DATAFLOW,OECD.ELS.SPD:DSD_SOCX_AGG@DF_PUB_PRV(1.0),Public and private social expenditure,I,DEU,Germany,A,Annual,SOCX,Social expenditure,PT_B1GQ,Percentage of GDP,ES10,Public,_T,Total,TP01,Old age and survivors,_Z,Not applicable,2017,,10.957,,A,Normal value,0,Units,1,One,_Z,Not applicable,,
DATAFLOW,OECD.ELS.SPD:DSD_SOCX_AGG@DF_PUB_PRV(1.0),Public and private social expenditure,I,DEU,Germany,A,Annual,SOCX,Social expenditure,PT_B1GQ,Percentage of GDP,ES10,Public,_T,Total,TP01,Old age and survivors,_Z,Not applicable,2018,,10.994,,A,Normal value,0,Units,1,One,_Z,Not applicable,,
DATAFLOW,OECD.ELS.SPD:DSD_SOCX_AGG@DF_PUB_PRV(1.0),Public and private social expenditure,I,DEU,Germany,A,Annual,SOCX,Social expenditure,PT_B1GQ,Percentage of GDP,ES10,Public,_T,Total,TP01,Old age and survivors,_Z,Not applicable,2019,,11.214,,A,Normal value,0,Units,1,One,_Z,Not applicable,,
DATAFLOW,OECD.ELS.SPD:DSD_SOCX_AGG@DF_PUB_PRV(1.0),Public and private social expenditure,I,DEU,Germany,A,Annual,SOCX,Social expenditure,PT_B1GQ,Percentage of GDP,ES10,Public,_T,Total,TP01,Old age and survivors,_Z,Not applicable,2020,,12.028,,A,Normal value,0,Units,1,One,_Z,Not applicable,,
DATAFLOW,OECD.ELS.SPD:DSD_SOCX_AGG@DF_PUB_PRV(1.0),Public and private social expenditure,I,DEU,Germany,A,Annual,SOCX,Social expenditure,PT_B1GQ,Percentage of GDP,ES10,Public,_T,Total,TP01,Old age and survivors,_Z,Not applicable,2021,,11.623,,A,Normal value,0,Units,1,One,_Z,Not applicable,,
DATAFLOW,OECD.ELS.SPD:DSD_SOCX_AGG@DF_PUB_PRV(1.0),Public and private social expenditure,I,DEU,Germany,A,Annual,SOCX,Social expenditure,PT_B1GQ,Percentage of GDP,ES10,Public,_T,Total,TP01,Old age and survivors,_Z,Not applicable,1996,,11.092,,A,Normal value,0,Units,1,One,_Z,Not applicable,,
DATAFLOW,OECD.ELS.SPD:DSD_SOCX_AGG@DF_PUB_PRV(1.0),Public and private social expenditure,I,DEU,Germany,A,Annual,SOCX,Social expenditure,PT_B1GQ,Percentage of GDP,ES10,Public,_T,Total,TP01,Old age and survivors,_Z,Not applicable,1997,,11.295,,A,Normal value,0,Units,1,One,_Z,Not applicable,,
DATAFLOW,OECD.ELS.SPD:DSD_SOCX_AGG@DF_PUB_PRV(1.0),Public and private social expenditure,I,DEU,Germany,A,Annual,SOCX,Social expenditure,PT_B1GQ,Percentage of GDP,ES10,Public,_T,Total,TP01,Old age and survivors,_Z,Not applicable,1998,,11.38,,A,Normal value,0,Units,1,One,_Z,Not applicable,,
DATAFLOW,OECD.ELS.SPD:DSD_SOCX_AGG@DF_PUB_PRV(1.0),Public and private social expenditure,I,DEU,Germany,A,Annual,SOCX,Social expenditure,PT_B1GQ,Percentage of GDP,ES10,Public,_T,Total,TP01,Old age and survivors,_Z,Not applicable,1999,,11.367,,A,Normal value,0,Units,1,One,_Z,Not applicable,,
DATAFLOW,OECD.ELS.SPD:DSD_SOCX_AGG@DF_PUB_PRV(1.0),Public and private social expenditure,I,DEU,Germany,A,Annual,SOCX,Social expenditure,PT_B1GQ,Percentage of GDP,ES10,Public,_T,Total,TP01,Old age and survivors,_Z,Not applicable,2000,,11.456,,A,Normal value,0,Units,1,One,_Z,Not applicable,,
DATAFLOW,OECD.ELS.SPD:DSD_SOCX_AGG@DF_PUB_PRV(1.0),Public and private social expenditure,I,DEU,Germany,A,Annual,SOCX,Social expenditure,PT_B1GQ,Percentage of GDP,ES10,Public,_T,Total,TP01,Old age and survivors,_Z,Not applicable,2001,,11.489,,A,Normal value,0,Units,1,One,_Z,Not applicable,,
DATAFLOW,OECD.ELS.SPD:DSD_SOCX_AGG@DF_PUB_PRV(1.0),Public and private social expenditure,I,DEU,Germany,A,Annual,SOCX,Social expenditure,PT_B1GQ,Percentage of GDP,ES10,Public,_T,Total,TP01,Old age and survivors,_Z,Not applicable,2002,,11.721,,A,Normal value,0,Units,1,One,_Z,Not applicable,,
DATAFLOW,OECD.ELS.SPD:DSD_SOCX_AGG@DF_PUB_PRV(1.0),Public and private social expenditure,I,DEU,Germany,A,Annual,SOCX,Social expenditure,PT_B1GQ,Percentage of GDP,ES10,Public,_T,Total,TP01,Old age and survivors,_Z,Not applicable,2003,,11.897,,A,Normal value,0,Units,1,One,_Z,Not applicable,,
DATAFLOW,OECD.ELS.SPD:DSD_SOCX_AGG@DF_PUB_PRV(1.0),Public and private social expenditure,I,DEU,Germany,A,Annual,SOCX,Social expenditure,PT_B1GQ,Percentage of GDP,ES10,Public,_T,Total,TP01,Old age and survivors,_Z,Not applicable,2004,,11.759,,A,Normal value,0,Units,1,One,_Z,Not applicable,,
DATAFLOW,OECD.ELS.SPD:DSD_SOCX_AGG@DF_PUB_PRV(1.0),Public and private social expenditure,I,DEU,Germany,A,Annual,SOCX,Social expenditure,PT_B1GQ,Percentage of GDP,ES10,Public,_T,Total,TP01,Old age and survivors,_Z,Not applicable,2005,,11.721,,A,Normal value,0,Units,1,One,_Z,Not applicable,,
DATAFLOW,OECD.ELS.SPD:DSD_SOCX_AGG@DF_PUB_PRV(1.0),Public and private social expenditure,I,DEU,Germany,A,Annual,SOCX,Social expenditure,PT_B1GQ,Percentage of GDP,ES10,Public,_T,Total,TP01,Old age and survivors,_Z,Not applicable,2006,,11.304,,A,Normal value,0,Units,1,One,_Z,Not applicable,,
DATAFLOW,OECD.ELS.SPD:DSD_SOCX_AGG@DF_PUB_PRV(1.0),Public and private social expenditure,I,DEU,Germany,A,Annual,SOCX,Social expenditure,PT_B1GQ,Percentage of GDP,ES10,Public,_T,Total,TP01,Old age and survivors,_Z,Not applicable,2007,,10.883,,A,Normal value,0,Units,1,One,_Z,Not applicable,,
DATAFLOW,OECD.ELS.SPD:DSD_SOCX_AGG@DF_PUB_PRV(1.0),Public and private social expenditure,I,DEU,Germany,A,Annual,SOCX,Social expenditure,PT_B1GQ,Percentage of GDP,ES10,Public,_T,Total,TP01,Old age and survivors,_Z,Not applicable,2008,,10.887,,A,Normal value,0,Units,1,One,_Z,Not applicable,,
DATAFLOW,OECD.ELS.SPD:DSD_SOCX_AGG@DF_PUB_PRV(1.0),Public and private social expenditure,I,DEU,Germany,A,Annual,SOCX,Social expenditure,PT_B1GQ,Percentage of GDP,ES10,Public,_T,Total,TP01,Old age and survivors,_Z,Not applicable,1990,,9.493,,A,Normal value,0,Units,1,One,_Z,Not applicable,,
DATAFLOW,OECD.ELS.SPD:DSD_SOCX_AGG@DF_PUB_PRV(1.0),Public and private social expenditure,I,DEU,Germany,A,Annual,SOCX,Social expenditure,PT_B1GQ,Percentage of GDP,ES10,Public,_T,Total,TP01,Old age and survivors,_Z,Not applicable,1991,,9.346,,A,Normal value,0,Units,1,One,_Z,Not applicable,,
DATAFLOW,OECD.ELS.SPD:DSD_SOCX_AGG@DF_PUB_PRV(1.0),Public and private social expenditure,I,DEU,Germany,A,Annual,SOCX,Social expenditure,PT_B1GQ,Percentage of GDP,ES10,Public,_T,Total,TP01,Old age and survivors,_Z,Not applicable,1992,,9.716,,A,Normal value,0,Units,1,One,_Z,Not applicable,,
DATAFLOW,OECD.ELS.SPD:DSD_SOCX_AGG@DF_PUB_PRV(1.0),Public and private social expenditure,I,DEU,Germany,A,Annual,SOCX,Social expenditure,PT_B1GQ,Percentage of GDP,ES10,Public,_T,Total,TP01,Old age and survivors,_Z,Not applicable,1993,,10.066,,A,Normal value,0,Units,1,One,_Z,Not applicable,,
DATAFLOW,OECD.ELS.SPD:DSD_SOCX_AGG@DF_PUB_PRV(1.0),Public and private social expenditure,I,DEU,Germany,A,Annual,SOCX,Social expenditure,PT_B1GQ,Percentage of GDP,ES10,Public,_T,Total,TP01,Old age and survivors,_Z,Not applicable,1994,,10.273,,A,Normal value,0,Units,1,One,_Z,Not applicable,,
DATAFLOW,OECD.ELS.SPD:DSD_SOCX_AGG@DF_PUB_PRV(1.0),Public and private social expenditure,I,DEU,Germany,A,Annual,SOCX,Social expenditure,PT_B1GQ,Percentage of GDP,ES10,Public,_T,Total,TP01,Old age and survivors,_Z,Not applicable,1995,,10.732,,A,Normal value,0,Units,1,One,_Z,Not applicable,,
DATAFLOW,OECD.ELS.SPD:DSD_SOCX_AGG@DF_PUB_PRV(1.0),Public and private social expenditure,I,KOR,Korea,A,Annual,SOCX,Social expenditure,PT_B1GQ,Percentage of GDP,ES10,Public,_T,Total,TP01,Old age and survivors,_Z,Not applicable,2009,,1.962,,A,Normal value,0,Units,1,One,_Z,Not applicable,,
DATAFLOW,OECD.ELS.SPD:DSD_SOCX_AGG@DF_PUB_PRV(1.0),Public and private social expenditure,I,KOR,Korea,A,Annual,SOCX,Social expenditure,PT_B1GQ,Percentage of GDP,ES10,Public,_T,Total,TP01,Old age and survivors,_Z,Not applicable,2010,,1.977,,A,Normal value,0,Units,1,One,_Z,Not applicable,,
DATAFLOW,OECD.ELS.SPD:DSD_SOCX_AGG@DF_PUB_PRV(1.0),Public and private social expenditure,I,KOR,Korea,A,Annual,SOCX,Social expenditure,PT_B1GQ,Percentage of GDP,ES10,Public,_T,Total,TP01,Old age and survivors,_Z,Not applicable,2011,,2.023,,A,Normal value,0,Units,1,One,_Z,Not applicable,,
DATAFLOW,OECD.ELS.SPD:DSD_SOCX_AGG@DF_PUB_PRV(1.0),Public and private social expenditure,I,KOR,Korea,A,Annual,SOCX,Social expenditure,PT_B1GQ,Percentage of GDP,ES10,Public,_T,Total,TP01,Old age and survivors,_Z,Not applicable,2012,,2.221,,A,Normal value,0,Units,1,One,_Z,Not applicable,,
DATAFLOW,OECD.ELS.SPD:DSD_SOCX_AGG@DF_PUB_PRV(1.0),Public and private social expenditure,I,KOR,Korea,A,Annual,SOCX,Social expenditure,PT_B1GQ,Percentage of GDP,ES10,Public,_T,Total,TP01,Old age and survivors,_Z,Not applicable,2013,,2.258,,A,Normal value,0,Units,1,One,_Z,Not applicable,,
DATAFLOW,OECD.ELS.SPD:DSD_SOCX_AGG@DF_PUB_PRV(1.0),Public and private social expenditure,I,KOR,Korea,A,Annual,SOCX,Social expenditure,PT_B1GQ,Percentage of GDP,ES10,Public,_T,Total,TP01,Old age and survivors,_Z,Not applicable,2014,,2.504,,A,Normal value,0,Units,1,One,_Z,Not applicable,,
DATAFLOW,OECD.ELS.SPD:DSD_SOCX_AGG@DF_PUB_PRV(1.0),Public and private social expenditure,I,KOR,Korea,A,Annual,SOCX,Social expenditure,PT_B1GQ,Percentage of GDP,ES10,Public,_T,Total,TP01,Old age and survivors,_Z,Not applicable,2015,,2.71,,A,Normal value,0,Units,1,One,_Z,Not applicable,,
DATAFLOW,OECD.ELS.SPD:DSD_SOCX_AGG@DF_PUB_PRV(1.0),Public and private social expenditure,I,KOR,Korea,A,Annual,SOCX,Social expenditure,PT_B1GQ,Percentage of GDP,ES10,Public,_T,Total,TP01,Old age and survivors,_Z,Not applicable,2016,,2.735,,A,Normal value,0,Units,1,One,_Z,Not applicable,,
DATAFLOW,OECD.ELS.SPD:DSD_SOCX_AGG@DF_PUB_PRV(1.0),Public and private social expenditure,I,KOR,Korea,A,Annual,SOCX,Social expenditure,PT_B1GQ,Percentage of GDP,ES10,Public,_T,Total,TP01,Old age and survivors,_Z,Not applicable,2017,,2.842,,A,Normal value,0,Units,1,One,_Z,Not applicable,,
DATAFLOW,OECD.ELS.SPD:DSD_SOCX_AGG@DF_PUB_PRV(1.0),Public and private social expenditure,I,KOR,Korea,A,Annual,SOCX,Social expenditure,PT_B1GQ,Percentage of GDP,ES10,Public,_T,Total,TP01,Old age and survivors,_Z,Not applicable,2018,,2.985,,A,Normal value,0,Units,1,One,_Z,Not applicable,,
DATAFLOW,OECD.ELS.SPD:DSD_SOCX_AGG@DF_PUB_PRV(1.0),Public and private social expenditure,I,KOR,Korea,A,Annual,SOCX,Social expenditure,PT_B1GQ,Percentage of GDP,ES10,Public,_T,Total,TP01,Old age and survivors,_Z,Not applicable,2019,,3.254,,A,Normal value,0,Units,1,One,_Z,Not applicable,,
DATAFLOW,OECD.ELS.SPD:DSD_SOCX_AGG@DF_PUB_PRV(1.0),Public and private social expenditure,I,KOR,Korea,A,Annual,SOCX,Social expenditure,PT_B1GQ,Percentage of GDP,ES10,Public,_T,Total,TP01,Old age and survivors,_Z,Not applicable,2020,,3.715,,A,Normal value,0,Units,1,One,_Z,Not applicable,,
DATAFLOW,OECD.ELS.SPD:DSD_SOCX_AGG@DF_PUB_PRV(1.0),Public and private social expenditure,I,KOR,Korea,A,Annual,SOCX,Social expenditure,PT_B1GQ,Percentage of GDP,ES10,Public,_T,Total,TP01,Old age and survivors,_Z,Not applicable,2021,,3.761,,A,Normal value,0,Units,1,One,_Z,Not applicable,,
DATAFLOW,OECD.ELS.SPD:DSD_SOCX_AGG@DF_PUB_PRV(1.0),Public and private social expenditure,I,KOR,Korea,A,Annual,SOCX,Social expenditure,PT_B1GQ,Percentage of GDP,ES10,Public,_T,Total,TP01,Old age and survivors,_Z,Not applicable,2022,,4.03,,A,Normal value,0,Units,1,One,_Z,Not applicable,,
DATAFLOW,OECD.ELS.SPD:DSD_SOCX_AGG@DF_PUB_PRV(1.0),Public and private social expenditure,I,KOR,Korea,A,Annual,SOCX,Social expenditure,PT_B1GQ,Percentage of GDP,ES10,Public,_T,Total,TP01,Old age and survivors,_Z,Not applicable,1996,,1.094,,A,Normal value,0,Units,1,One,_Z,Not applicable,,
DATAFLOW,OECD.ELS.SPD:DSD_SOCX_AGG@DF_PUB_PRV(1.0),Public and private social expenditure,I,KOR,Korea,A,Annual,SOCX,Social expenditure,PT_B1GQ,Percentage of GDP,ES10,Public,_T,Total,TP01,Old age and survivors,_Z,Not applicable,1997,,1.155,,A,Normal value,0,Units,1,One,_Z,Not applicable,,
DATAFLOW,OECD.ELS.SPD:DSD_SOCX_AGG@DF_PUB_PRV(1.0),Public and private social expenditure,I,KOR,Korea,A,Annual,SOCX,Social expenditure,PT_B1GQ,Percentage of GDP,ES10,Public,_T,Total,TP01,Old age and survivors,_Z,Not applicable,1998,,1.793,,A,Normal value,0,Units,1,One,_Z,Not applicable,,
DATAFLOW,OECD.ELS.SPD:DSD_SOCX_AGG@DF_PUB_PRV(1.0),Public and private social expenditure,I,KOR,Korea,A,Annual,SOCX,Social expenditure,PT_B1GQ,Percentage of GDP,ES10,Public,_T,Total,TP01,Old age and survivors,_Z,Not applicable,1999,,2.295,,A,Normal value,0,Units,1,One,_Z,Not applicable,,
DATAFLOW,OECD.ELS.SPD:DSD_SOCX_AGG@DF_PUB_PRV(1.0),Public and private social expenditure,I,KOR,Korea,A,Annual,SOCX,Social expenditure,PT_B1GQ,Percentage of GDP,ES10,Public,_T,Total,TP01,Old age and survivors,_Z,Not applicable,2000,,1.305,,A,Normal value,0,Units,1,One,_Z,Not applicable,,
DATAFLOW,OECD.ELS.SPD:DSD_SOCX_AGG@DF_PUB_PRV(1.0),Public and private social expenditure,I,KOR,Korea,A,Annual,SOCX,Social expenditure,PT_B1GQ,Percentage of GDP,ES10,Public,_T,Total,TP01,Old age and survivors,_Z,Not applicable,2001,,1.102,,A,Normal value,0,Units,1,One,_Z,Not applicable,,
DATAFLOW,OECD.ELS.SPD:DSD_SOCX_AGG@DF_PUB_PRV(1.0),Public and private social expenditure,I,KOR,Korea,A,Annual,SOCX,Social expenditure,PT_B1GQ,Percentage of GDP,ES10,Public,_T,Total,TP01,Old age and survivors,_Z,Not applicable,2002,,1.094,,A,Normal value,0,Units,1,One,_Z,Not applicable,,
DATAFLOW,OECD.ELS.SPD:DSD_SOCX_AGG@DF_PUB_PRV(1.0),Public and private social expenditure,I,KOR,Korea,A,Annual,SOCX,Social expenditure,PT_B1GQ,Percentage of GDP,ES10,Public,_T,Total,TP01,Old age and survivors,_Z,Not applicable,2003,,1.226,,A,Normal value,0,Units,1,One,_Z,Not applicable,,
DATAFLOW,OECD.ELS.SPD:DSD_SOCX_AGG@DF_PUB_PRV(1.0),Public and private social expenditure,I,KOR,Korea,A,Annual,SOCX,Social expenditure,PT_B1GQ,Percentage of GDP,ES10,Public,_T,Total,TP01,Old age and survivors,_Z,Not applicable,2004,,1.354,,A,Normal value,0,Units,1,One,_Z,Not applicable,,
DATAFLOW,OECD.ELS.SPD:DSD_SOCX_AGG@DF_PUB_PRV(1.0),Public and private social expenditure,I,KOR,Korea,A,Annual,SOCX,Social expenditure,PT_B1GQ,Percentage of GDP,ES10,Public,_T,Total,TP01,Old age and survivors,_Z,Not applicable,2005,,1.451,,A,Normal value,0,Units,1,One,_Z,Not applicable,,
DATAFLOW,OECD.ELS.SPD:DSD_SOCX_AGG@DF_PUB_PRV(1.0),Public and private social expenditure,I,KOR,Korea,A,Annual,SOCX,Social expenditure,PT_B1GQ,Percentage of GDP,ES10,Public,_T,Total,TP01,Old age and survivors,_Z,Not applicable,2006,,1.536,,A,Normal value,0,Units,1,One,_Z,Not applicable,,
DATAFLOW,OECD.ELS.SPD:DSD_SOCX_AGG@DF_PUB_PRV(1.0),Public and private social expenditure,I,KOR,Korea,A,Annual,SOCX,Social expenditure,PT_B1GQ,Percentage of GDP,ES10,Public,_T,Total,TP01,Old age and survivors,_Z,Not applicable,2007,,1.614,,A,Normal value,0,Units,1,One,_Z,Not applicable,,
DATAFLOW,OECD.ELS.SPD:DSD_SOCX_AGG@DF_PUB_PRV(1.0),Public and private social expenditure,I,KOR,Korea,A,Annual,SOCX,Social expenditure,PT_B1GQ,Percentage of GDP,ES10,Public,_T,Total,TP01,Old age and survivors,_Z,Not applicable,2008,,1.867,,A,Normal value,0,Units,1,One,_Z,Not applicable,,
DATAFLOW,OECD.ELS.SPD:DSD_SOCX_AGG@DF_PUB_PRV(1.0),Public and private social expenditure,I,KOR,Korea,A,Annual,SOCX,Social expenditure,PT_B1GQ,Percentage of GDP,ES10,Public,_T,Total,TP01,Old age and survivors,_Z,Not applicable,1990,,0.74,,A,Normal value,0,Units,1,One,_Z,Not applicable,,
DATAFLOW,OECD.ELS.SPD:DSD_SOCX_AGG@DF_PUB_PRV(1.0),Public and private social expenditure,I,KOR,Korea,A,Annual,SOCX,Social expenditure,PT_B1GQ,Percentage of GDP,ES10,Public,_T,Total,TP01,Old age and survivors,_Z,Not applicable,1991,,0.788,,A,Normal value,0,Units,1,One,_Z,Not applicable,,
DATAFLOW,OECD.ELS.SPD:DSD_SOCX_AGG@DF_PUB_PRV(1.0),Public and private social expenditure,I,KOR,Korea,A,Annual,SOCX,Social expenditure,PT_B1GQ,Percentage of GDP,ES10,Public,_T,Total,TP01,Old age and survivors,_Z,Not applicable,1992,,0.907,,A,Normal value,0,Units,1,One,_Z,Not applicable,,
DATAFLOW,OECD.ELS.SPD:DSD_SOCX_AGG@DF_PUB_PRV(1.0),Public and private social expenditure,I,KOR,Korea,A,Annual,SOCX,Social expenditure,PT_B1GQ,Percentage of GDP,ES10,Public,_T,Total,TP01,Old age and survivors,_Z,Not applicable,1993,,1.001,,A,Normal value,0,Units,1,One,_Z,Not applicable,,
DATAFLOW,OECD.ELS.SPD:DSD_SOCX_AGG@DF_PUB_PRV(1.0),Public and private social expenditure,I,KOR,Korea,A,Annual,SOCX,Social expenditure,PT_B1GQ,Percentage of GDP,ES10,Public,_T,Total,TP01,Old age and survivors,_Z,Not applicable,1994,,1.047,,A,Normal value,0,Units,1,One,_Z,Not applicable,,
DATAFLOW,OECD.ELS.SPD:DSD_SOCX_AGG@DF_PUB_PRV(1.0),Public and private social expenditure,I,KOR,Korea,A,Annual,SOCX,Social expenditure,PT_B1GQ,Percentage of GDP,ES10,Public,_T,Total,TP01,Old age and survivors,_Z,Not applicable,1995,,1.144,,A,Normal value,0,Units,1,One,_Z,Not applicable,,
DATAFLOW,OECD.ELS.SPD:DSD_SOCX_AGG@DF_PUB_PRV(1.0),Public and private social expenditure,I,ESP,Spain,A,Annual,SOCX,Social expenditure,PT_B1GQ,Percentage of GDP,ES10,Public,_T,Total,TP01,Old age and survivors,_Z,Not applicable,2009,,9.297,,A,Normal value,0,Units,1,One,_Z,Not applicable,,
DATAFLOW,OECD.ELS.SPD:DSD_SOCX_AGG@DF_PUB_PRV(1.0),Public and private social expenditure,I,ESP,Spain,A,Annual,SOCX,Social expenditure,PT_B1GQ,Percentage of GDP,ES10,Public,_T,Total,TP01,Old age and survivors,_Z,Not applicable,2010,,9.796,,A,Normal value,0,Units,1,One,_Z,Not applicable,,
DATAFLOW,OECD.ELS.SPD:DSD_SOCX_AGG@DF_PUB_PRV(1.0),Public and private social expenditure,I,ESP,Spain,A,Annual,SOCX,Social expenditure,PT_B1GQ,Percentage of GDP,ES10,Public,_T,Total,TP01,Old age and survivors,_Z,Not applicable,2011,,10.274,,A,Normal value,0,Units,1,One,_Z,Not applicable,,
DATAFLOW,OECD.ELS.SPD:DSD_SOCX_AGG@DF_PUB_PRV(1.0),Public and private social expenditure,I,ESP,Spain,A,Annual,SOCX,Social expenditure,PT_B1GQ,Percentage of GDP,ES10,Public,_T,Total,TP01,Old age and survivors,_Z,Not applicable,2012,,10.924,,A,Normal value,0,Units,1,One,_Z,Not applicable,,
DATAFLOW,OECD.ELS.SPD:DSD_SOCX_AGG@DF_PUB_PRV(1.0),Public and private social expenditure,I,ESP,Spain,A,Annual,SOCX,Social expenditure,PT_B1GQ,Percentage of GDP,ES10,Public,_T,Total,TP01,Old age and survivors,_Z,Not applicable,2013,,11.514,,A,Normal value,0,Units,1,One,_Z,Not applicable,,
DATAFLOW,OECD.ELS.SPD:DSD_SOCX_AGG@DF_PUB_PRV(1.0),Public and private social expenditure,I,ESP,Spain,A,Annual,SOCX,Social expenditure,PT_B1GQ,Percentage of GDP,ES10,Public,_T,Total,TP01,Old age and survivors,_Z,Not applicable,2014,,11.765,,A,Normal value,0,Units,1,One,_Z,Not applicable,,
DATAFLOW,OECD.ELS.SPD:DSD_SOCX_AGG@DF_PUB_PRV(1.0),Public and private social expenditure,I,ESP,Spain,A,Annual,SOCX,Social expenditure,PT_B1GQ,Percentage of GDP,ES10,Public,_T,Total,TP01,Old age and survivors,_Z,Not applicable,2015,,11.512,,A,Normal value,0,Units,1,One,_Z,Not applicable,,
DATAFLOW,OECD.ELS.SPD:DSD_SOCX_AGG@DF_PUB_PRV(1.0),Public and private social expenditure,I,ESP,Spain,A,Annual,SOCX,Social expenditure,PT_B1GQ,Percentage of GDP,ES10,Public,_T,Total,TP01,Old age and survivors,_Z,Not applicable,2016,,11.469,,A,Normal value,0,Units,1,One,_Z,Not applicable,,
DATAFLOW,OECD.ELS.SPD:DSD_SOCX_AGG@DF_PUB_PRV(1.0),Public and private social expenditure,I,ESP,Spain,A,Annual,SOCX,Social expenditure,PT_B1GQ,Percentage of GDP,ES10,Public,_T,Total,TP01,Old age and survivors,_Z,Not applicable,2017,,11.17,,A,Normal value,0,Units,1,One,_Z,Not applicable,,
DATAFLOW,OECD.ELS.SPD:DSD_SOCX_AGG@DF_PUB_PRV(1.0),Public and private social expenditure,I,ESP,Spain,A,Annual,SOCX,Social expenditure,PT_B1GQ,Percentage of GDP,ES10,Public,_T,Total,TP01,Old age and survivors,_Z,Not applicable,2018,,11.36,,A,Normal value,0,Units,1,One,_Z,Not applicable,,
DATAFLOW,OECD.ELS.SPD:DSD_SOCX_AGG@DF_PUB_PRV(1.0),Public and private social expenditure,I,ESP,Spain,A,Annual,SOCX,Social expenditure,PT_B1GQ,Percentage of GDP,ES10,Public,_T,Total,TP01,Old age and survivors,_Z,Not applicable,2019,,11.613,,A,Normal value,0,Units,1,One,_Z,Not applicable,,
DATAFLOW,OECD.ELS.SPD:DSD_SOCX_AGG@DF_PUB_PRV(1.0),Public and private social expenditure,I,ESP,Spain,A,Annual,SOCX,Social expenditure,PT_B1GQ,Percentage of GDP,ES10,Public,_T,Total,TP01,Old age and survivors,_Z,Not applicable,2020,,13.274,,A,Normal value,0,Units,1,One,_Z,Not applicable,,
DATAFLOW,OECD.ELS.SPD:DSD_SOCX_AGG@DF_PUB_PRV(1.0),Public and private social expenditure,I,ESP,Spain,A,Annual,SOCX,Social expenditure,PT_B1GQ,Percentage of GDP,ES10,Public,_T,Total,TP01,Old age and survivors,_Z,Not applicable,2021,,12.723,,A,Normal value,0,Units,1,One,_Z,Not applicable,,
DATAFLOW,OECD.ELS.SPD:DSD_SOCX_AGG@DF_PUB_PRV(1.0),Public and private social expenditure,I,ESP,Spain,A,Annual,SOCX,Social expenditure,PT_B1GQ,Percentage of GDP,ES10,Public,_T,Total,TP01,Old age and survivors,_Z,Not applicable,1996,,9.062,,A,Normal value,0,Units,1,One,_Z,Not applicable,,
DATAFLOW,OECD.ELS.SPD:DSD_SOCX_AGG@DF_PUB_PRV(1.0),Public and private social expenditure,I,ESP,Spain,A,Annual,SOCX,Social expenditure,PT_B1GQ,Percentage of GDP,ES10,Public,_T,Total,TP01,Old age and survivors,_Z,Not applicable,1997,,8.974,,A,Normal value,0,Units,1,One,_Z,Not applicable,,
DATAFLOW,OECD.ELS.SPD:DSD_SOCX_AGG@DF_PUB_PRV(1.0),Public and private social expenditure,I,ESP,Spain,A,Annual,SOCX,Social expenditure,PT_B1GQ,Percentage of GDP,ES10,Public,_T,Total,TP01,Old age and survivors,_Z,Not applicable,1998,,8.685,,A,Normal value,0,Units,1,One,_Z,Not applicable,,
DATAFLOW,OECD.ELS.SPD:DSD_SOCX_AGG@DF_PUB_PRV(1.0),Public and private social expenditure,I,ESP,Spain,A,Annual,SOCX,Social expenditure,PT_B1GQ,Percentage of GDP,ES10,Public,_T,Total,TP01,Old age and survivors,_Z,Not applicable,1999,,8.524,,A,Normal value,0,Units,1,One,_Z,Not applicable,,
DATAFLOW,OECD.ELS.SPD:DSD_SOCX_AGG@DF_PUB_PRV(1.0),Public and private social expenditure,I,ESP,Spain,A,Annual,SOCX,Social expenditure,PT_B1GQ,Percentage of GDP,ES10,Public,_T,Total,TP01,Old age and survivors,_Z,Not applicable,2000,,8.336,,A,Normal value,0,Units,1,One,_Z,Not applicable,,
DATAFLOW,OECD.ELS.SPD:DSD_SOCX_AGG@DF_PUB_PRV(1.0),Public and private social expenditure,I,ESP,Spain,A,Annual,SOCX,Social expenditure,PT_B1GQ,Percentage of GDP,ES10,Public,_T,Total,TP01,Old age and survivors,_Z,Not applicable,2001,,8.038,,A,Normal value,0,Units,1,One,_Z,Not applicable,,
DATAFLOW,OECD.ELS.SPD:DSD_SOCX_AGG@DF_PUB_PRV(1.0),Public and private social expenditure,I,ESP,Spain,A,Annual,SOCX,Social expenditure,PT_B1GQ,Percentage of GDP,ES10,Public,_T,Total,TP01,Old age and survivors,_Z,Not applicable,2002,,8.061,,A,Normal value,0,Units,1,One,_Z,Not applicable,,
DATAFLOW,OECD.ELS.SPD:DSD_SOCX_AGG@DF_PUB_PRV(1.0),Public and private social expenditure,I,ESP,Spain,A,Annual,SOCX,Social expenditure,PT_B1GQ,Percentage of GDP,ES10,Public,_T,Total,TP01,Old age and survivors,_Z,Not applicable,2003,,8.012,,A,Normal value,0,Units,1,One,_Z,Not applicable,,
DATAFLOW,OECD.ELS.SPD:DSD_SOCX_AGG@DF_PUB_PRV(1.0),Public and private social expenditure,I,ESP,Spain,A,Annual,SOCX,Social expenditure,PT_B1GQ,Percentage of GDP,ES10,Public,_T,Total,TP01,Old age and survivors,_Z,Not applicable,2004,,8.003,,A,Normal value,0,Units,1,One,_Z,Not applicable,,
DATAFLOW,OECD.ELS.SPD:DSD_SOCX_AGG@DF_PUB_PRV(1.0),Public and private social expenditure,I,ESP,Spain,A,Annual,SOCX,Social expenditure,PT_B1GQ,Percentage of GDP,ES10,Public,_T,Total,TP01,Old age and survivors,_Z,Not applicable,2005,,7.993,,A,Normal value,0,Units,1,One,_Z,Not applicable,,
DATAFLOW,OECD.ELS.SPD:DSD_SOCX_AGG@DF_PUB_PRV(1.0),Public and private social expenditure,I,ESP,Spain,A,Annual,SOCX,Social expenditure,PT_B1GQ,Percentage of GDP,ES10,Public,_T,Total,TP01,Old age and survivors,_Z,Not applicable,2006,,7.922,,A,Normal value,0,Units,1,One,_Z,Not applicable,,
DATAFLOW,OECD.ELS.SPD:DSD_SOCX_AGG@DF_PUB_PRV(1.0),Public and private social expenditure,I,ESP,Spain,A,Annual,SOCX,Social expenditure,PT_B1GQ,Percentage of GDP,ES10,Public,_T,Total,TP01,Old age and survivors,_Z,Not applicable,2007,,7.973,,A,Normal value,0,Units,1,One,_Z,Not applicable,,
DATAFLOW,OECD.ELS.SPD:DSD_SOCX_AGG@DF_PUB_PRV(1.0),Public and private social expenditure,I,ESP,Spain,A,Annual,SOCX,Social expenditure,PT_B1GQ,Percentage of GDP,ES10,Public,_T,Total,TP01,Old age and survivors,_Z,Not applicable,2008,,8.343,,A,Normal value,0,Units,1,One,_Z,Not applicable,,
DATAFLOW,OECD.ELS.SPD:DSD_SOCX_AGG@DF_PUB_PRV(1.0),Public and private social expenditure,I,ESP,Spain,A,Annual,SOCX,Social expenditure,PT_B1GQ,Percentage of GDP,ES10,Public,_T,Total,TP01,Old age and survivors,_Z,Not applicable,1990,,7.856,,A,Normal value,0,Units,1,One,_Z,Not applicable,,
DATAFLOW,OECD.ELS.SPD:DSD_SOCX_AGG@DF_PUB_PRV(1.0),Public and private social expenditure,I,ESP,Spain,A,Annual,SOCX,Social expenditure,PT_B1GQ,Percentage of GDP,ES10,Public,_T,Total,TP01,Old age and survivors,_Z,Not applicable,1991,,8.036,,A,Normal value,0,Units,1,One,_Z,Not applicable,,
DATAFLOW,OECD.ELS.SPD:DSD_SOCX_AGG@DF_PUB_PRV(1.0),Public and private social expenditure,I,ESP,Spain,A,Annual,SOCX,Social expenditure,PT_B1GQ,Percentage of GDP,ES10,Public,_T,Total,TP01,Old age and survivors,_Z,Not applicable,1992,,8.367,,A,Normal value,0,Units,1,One,_Z,Not applicable,,
DATAFLOW,OECD.ELS.SPD:DSD_SOCX_AGG@DF_PUB_PRV(1.0),Public and private social expenditure,I,ESP,Spain,A,Annual,SOCX,Social expenditure,PT_B1GQ,Percentage of GDP,ES10,Public,_T,Total,TP01,Old age and survivors,_Z,Not applicable,1993,,8.79,,A,Normal value,0,Units,1,One,_Z,Not applicable,,
DATAFLOW,OECD.ELS.SPD:DSD_SOCX_AGG@DF_PUB_PRV(1.0),Public and private social expenditure,I,ESP,Spain,A,Annual,SOCX,Social expenditure,PT_B1GQ,Percentage of GDP,ES10,Public,_T,Total,TP01,Old age and survivors,_Z,Not applicable,1994,,8.815,,A,Normal value,0,Units,1,One,_Z,Not applicable,,
DATAFLOW,OECD.ELS.SPD:DSD_SOCX_AGG@DF_PUB_PRV(1.0),Public and private social expenditure,I,ESP,Spain,A,Annual,SOCX,Social expenditure,PT_B1GQ,Percentage of GDP,ES10,Public,_T,Total,TP01,Old age and survivors,_Z,Not applicable,1995,,8.934,,A,Normal value,0,Units,1,One,_Z,Not applicable,,
DATAFLOW,OECD.ELS.SPD:DSD_SOCX_AGG@DF_PUB_PRV(1.0),Public and private social expenditure,I,MEX,Mexico,A,Annual,SOCX,Social expenditure,PT_B1GQ,Percentage of GDP,ES10,Public,_T,Total,TP01,Old age and survivors,_Z,Not applicable,2009,,1.478,,A,Normal value,0,Units,1,One,_Z,Not applicable,,
DATAFLOW,OECD.ELS.SPD:DSD_SOCX_AGG@DF_PUB_PRV(1.0),Public and private social expenditure,I,MEX,Mexico,A,Annual,SOCX,Social expenditure,PT_B1GQ,Percentage of GDP,ES10,Public,_T,Total,TP01,Old age and survivors,_Z,Not applicable,2010,,1.573,,A,Normal value,0,Units,1,One,_Z,Not applicable,,
DATAFLOW,OECD.ELS.SPD:DSD_SOCX_AGG@DF_PUB_PRV(1.0),Public and private social expenditure,I,MEX,Mexico,A,Annual,SOCX,Social expenditure,PT_B1GQ,Percentage of GDP,ES10,Public,_T,Total,TP01,Old age and survivors,_Z,Not applicable,2011,,1.636,,A,Normal value,0,Units,1,One,_Z,Not applicable,,
DATAFLOW,OECD.ELS.SPD:DSD_SOCX_AGG@DF_PUB_PRV(1.0),Public and private social expenditure,I,MEX,Mexico,A,Annual,SOCX,Social expenditure,PT_B1GQ,Percentage of GDP,ES10,Public,_T,Total,TP01,Old age and survivors,_Z,Not applicable,2012,,1.73,,A,Normal value,0,Units,1,One,_Z,Not applicable,,
DATAFLOW,OECD.ELS.SPD:DSD_SOCX_AGG@DF_PUB_PRV(1.0),Public and private social expenditure,I,MEX,Mexico,A,Annual,SOCX,Social expenditure,PT_B1GQ,Percentage of GDP,ES10,Public,_T,Total,TP01,Old age and survivors,_Z,Not applicable,2013,,1.92,,A,Normal value,0,Units,1,One,_Z,Not applicable,,
DATAFLOW,OECD.ELS.SPD:DSD_SOCX_AGG@DF_PUB_PRV(1.0),Public and private social expenditure,I,MEX,Mexico,A,Annual,SOCX,Social expenditure,PT_B1GQ,Percentage of GDP,ES10,Public,_T,Total,TP01,Old age and survivors,_Z,Not applicable,2014,,2.13,,A,Normal value,0,Units,1,One,_Z,Not applicable,,
DATAFLOW,OECD.ELS.SPD:DSD_SOCX_AGG@DF_PUB_PRV(1.0),Public and private social expenditure,I,MEX,Mexico,A,Annual,SOCX,Social expenditure,PT_B1GQ,Percentage of GDP,ES10,Public,_T,Total,TP01,Old age and survivors,_Z,Not applicable,2015,,2.158,,A,Normal value,0,Units,1,One,_Z,Not applicable,,
DATAFLOW,OECD.ELS.SPD:DSD_SOCX_AGG@DF_PUB_PRV(1.0),Public and private social expenditure,I,MEX,Mexico,A,Annual,SOCX,Social expenditure,PT_B1GQ,Percentage of GDP,ES10,Public,_T,Total,TP01,Old age and survivors,_Z,Not applicable,2016,,2.241,,A,Normal value,0,Units,1,One,_Z,Not applicable,,
DATAFLOW,OECD.ELS.SPD:DSD_SOCX_AGG@DF_PUB_PRV(1.0),Public and private social expenditure,I,MEX,Mexico,A,Annual,SOCX,Social expenditure,PT_B1GQ,Percentage of GDP,ES10,Public,_T,Total,TP01,Old age and survivors,_Z,Not applicable,2017,,2.598,,A,Normal value,0,Units,1,One,_Z,Not applicable,,
DATAFLOW,OECD.ELS.SPD:DSD_SOCX_AGG@DF_PUB_PRV(1.0),Public and private social expenditure,I,MEX,Mexico,A,Annual,SOCX,Social expenditure,PT_B1GQ,Percentage of GDP,ES10,Public,_T,Total,TP01,Old age and survivors,_Z,Not applicable,2018,,2.667,,A,Normal value,0,Units,1,One,_Z,Not applicable,,
DATAFLOW,OECD.ELS.SPD:DSD_SOCX_AGG@DF_PUB_PRV(1.0),Public and private social expenditure,I,MEX,Mexico,A,Annual,SOCX,Social expenditure,PT_B1GQ,Percentage of GDP,ES10,Public,_T,Total,TP01,Old age and survivors,_Z,Not applicable,2019,,3.15,,A,Normal value,0,Units,1,One,_Z,Not applicable,,
DATAFLOW,OECD.ELS.SPD:DSD_SOCX_AGG@DF_PUB_PRV(1.0),Public and private social expenditure,I,MEX,Mexico,A,Annual,SOCX,Social expenditure,PT_B1GQ,Percentage of GDP,ES10,Public,_T,Total,TP01,Old age and survivors,_Z,Not applicable,2020,,4.596,,A,Normal value,0,Units,1,One,_Z,Not applicable,,
DATAFLOW,OECD.ELS.SPD:DSD_SOCX_AGG@DF_PUB_PRV(1.0),Public and private social expenditure,I,MEX,Mexico,A,Annual,SOCX,Social expenditure,PT_B1GQ,Percentage of GDP,ES10,Public,_T,Total,TP01,Old age and survivors,_Z,Not applicable,2021,,4.674,,A,Normal value,0,Units,1,One,_Z,Not applicable,,
DATAFLOW,OECD.ELS.SPD:DSD_SOCX_AGG@DF_PUB_PRV(1.0),Public and private social expenditure,I,MEX,Mexico,A,Annual,SOCX,Social expenditure,PT_B1GQ,Percentage of GDP,ES10,Public,_T,Total,TP01,Old age and survivors,_Z,Not applicable,2022,,4.956,,A,Normal value,0,Units,1,One,_Z,Not applicable,,
DATAFLOW,OECD.ELS.SPD:DSD_SOCX_AGG@DF_PUB_PRV(1.0),Public and private social expenditure,I,MEX,Mexico,A,Annual,SOCX,Social expenditure,PT_B1GQ,Percentage of GDP,ES10,Public,_T,Total,TP01,Old age and survivors,_Z,Not applicable,2023,,5.336,,A,Normal value,0,Units,1,One,_Z,Not applicable,,
DATAFLOW,OECD.ELS.SPD:DSD_SOCX_AGG@DF_PUB_PRV(1.0),Public and private social expenditure,I,MEX,Mexico,A,Annual,SOCX,Social expenditure,PT_B1GQ,Percentage of GDP,ES10,Public,_T,Total,TP01,Old age and survivors,_Z,Not applicable,1996,,0.557,,A,Normal value,0,Units,1,One,_Z,Not applicable,,
DATAFLOW,OECD.ELS.SPD:DSD_SOCX_AGG@DF_PUB_PRV(1.0),Public and private social expenditure,I,MEX,Mexico,A,Annual,SOCX,Social expenditure,PT_B1GQ,Percentage of GDP,ES10,Public,_T,Total,TP01,Old age and survivors,_Z,Not applicable,1997,,0.593,,A,Normal value,0,Units,1,One,_Z,Not applicable,,
DATAFLOW,OECD.ELS.SPD:DSD_SOCX_AGG@DF_PUB_PRV(1.0),Public and private social expenditure,I,MEX,Mexico,A,Annual,SOCX,Social expenditure,PT_B1GQ,Percentage of GDP,ES10,Public,_T,Total,TP01,Old age and survivors,_Z,Not applicable,1998,,0.688,,A,Normal value,0,Units,1,One,_Z,Not applicable,,
DATAFLOW,OECD.ELS.SPD:DSD_SOCX_AGG@DF_PUB_PRV(1.0),Public and private social expenditure,I,MEX,Mexico,A,Annual,SOCX,Social expenditure,PT_B1GQ,Percentage of GDP,ES10,Public,_T,Total,TP01,Old age and survivors,_Z,Not applicable,1999,,0.719,,A,Normal value,0,Units,1,One,_Z,Not applicable,,
DATAFLOW,OECD.ELS.SPD:DSD_SOCX_AGG@DF_PUB_PRV(1.0),Public and private social expenditure,I,MEX,Mexico,A,Annual,SOCX,Social expenditure,PT_B1GQ,Percentage of GDP,ES10,Public,_T,Total,TP01,Old age and survivors,_Z,Not applicable,2000,,0.743,,A,Normal value,0,Units,1,One,_Z,Not applicable,,
DATAFLOW,OECD.ELS.SPD:DSD_SOCX_AGG@DF_PUB_PRV(1.0),Public and private social expenditure,I,MEX,Mexico,A,Annual,SOCX,Social expenditure,PT_B1GQ,Percentage of GDP,ES10,Public,_T,Total,TP01,Old age and survivors,_Z,Not applicable,2001,,0.811,,A,Normal value,0,Units,1,One,_Z,Not applicable,,
DATAFLOW,OECD.ELS.SPD:DSD_SOCX_AGG@DF_PUB_PRV(1.0),Public and private social expenditure,I,MEX,Mexico,A,Annual,SOCX,Social expenditure,PT_B1GQ,Percentage of GDP,ES10,Public,_T,Total,TP01,Old age and survivors,_Z,Not applicable,2002,,0.898,,A,Normal value,0,Units,1,One,_Z,Not applicable,,
DATAFLOW,OECD.ELS.SPD:DSD_SOCX_AGG@DF_PUB_PRV(1.0),Public and private social expenditure,I,MEX,Mexico,A,Annual,SOCX,Social expenditure,PT_B1GQ,Percentage of GDP,ES10,Public,_T,Total,TP01,Old age and survivors,_Z,Not applicable,2003,,0.946,,A,Normal value,0,Units,1,One,_Z,Not applicable,,
DATAFLOW,OECD.ELS.SPD:DSD_SOCX_AGG@DF_PUB_PRV(1.0),Public and private social expenditure,I,MEX,Mexico,A,Annual,SOCX,Social expenditure,PT_B1GQ,Percentage of GDP,ES10,Public,_T,Total,TP01,Old age and survivors,_Z,Not applicable,2004,,0.922,,A,Normal value,0,Units,1,One,_Z,Not applicable,,
DATAFLOW,OECD.ELS.SPD:DSD_SOCX_AGG@DF_PUB_PRV(1.0),Public and private social expenditure,I,MEX,Mexico,A,Annual,SOCX,Social expenditure,PT_B1GQ,Percentage of GDP,ES10,Public,_T,Total,TP01,Old age and survivors,_Z,Not applicable,2005,,1,,A,Normal value,0,Units,1,One,_Z,Not applicable,,
DATAFLOW,OECD.ELS.SPD:DSD_SOCX_AGG@DF_PUB_PRV(1.0),Public and private social expenditure,I,MEX,Mexico,A,Annual,SOCX,Social expenditure,PT_B1GQ,Percentage of GDP,ES10,Public,_T,Total,TP01,Old age and survivors,_Z,Not applicable,2006,,1.026,,A,Normal value,0,Units,1,One,_Z,Not applicable,,
DATAFLOW,OECD.ELS.SPD:DSD_SOCX_AGG@DF_PUB_PRV(1.0),Public and private social expenditure,I,MEX,Mexico,A,Annual,SOCX,Social expenditure,PT_B1GQ,Percentage of GDP,ES10,Public,_T,Total,TP01,Old age and survivors,_Z,Not applicable,2007,,1.136,,A,Normal value,0,Units,1,One,_Z,Not applicable,,
DATAFLOW,OECD.ELS.SPD:DSD_SOCX_AGG@DF_PUB_PRV(1.0),Public and private social expenditure,I,MEX,Mexico,A,Annual,SOCX,Social expenditure,PT_B1GQ,Percentage of GDP,ES10,Public,_T,Total,TP01,Old age and survivors,_Z,Not applicable,2008,,1.256,,A,Normal value,0,Units,1,One,_Z,Not applicable,,
DATAFLOW,OECD.ELS.SPD:DSD_SOCX_AGG@DF_PUB_PRV(1.0),Public and private social expenditure,I,MEX,Mexico,A,Annual,SOCX,Social expenditure,PT_B1GQ,Percentage of GDP,ES10,Public,_T,Total,TP01,Old age and survivors,_Z,Not applicable,1990,,0.478,,A,Normal value,0,Units,1,One,_Z,Not applicable,,
DATAFLOW,OECD.ELS.SPD:DSD_SOCX_AGG@DF_PUB_PRV(1.0),Public and private social expenditure,I,MEX,Mexico,A,Annual,SOCX,Social expenditure,PT_B1GQ,Percentage of GDP,ES10,Public,_T,Total,TP01,Old age and survivors,_Z,Not applicable,1991,,0.537,,A,Normal value,0,Units,1,One,_Z,Not applicable,,
DATAFLOW,OECD.ELS.SPD:DSD_SOCX_AGG@DF_PUB_PRV(1.0),Public and private social expenditure,I,MEX,Mexico,A,Annual,SOCX,Social expenditure,PT_B1GQ,Percentage of GDP,ES10,Public,_T,Total,TP01,Old age and survivors,_Z,Not applicable,1992,,0.615,,A,Normal value,0,Units,1,One,_Z,Not applicable,,
DATAFLOW,OECD.ELS.SPD:DSD_SOCX_AGG@DF_PUB_PRV(1.0),Public and private social expenditure,I,MEX,Mexico,A,Annual,SOCX,Social expenditure,PT_B1GQ,Percentage of GDP,ES10,Public,_T,Total,TP01,Old age and survivors,_Z,Not applicable,1993,,0.571,,A,Normal value,0,Units,1,One,_Z,Not applicable,,
DATAFLOW,OECD.ELS.SPD:DSD_SOCX_AGG@DF_PUB_PRV(1.0),Public and private social expenditure,I,MEX,Mexico,A,Annual,SOCX,Social expenditure,PT_B1GQ,Percentage of GDP,ES10,Public,_T,Total,TP01,Old age and survivors,_Z,Not applicable,1994,,0.62,,A,Normal value,0,Units,1,One,_Z,Not applicable,,
DATAFLOW,OECD.ELS.SPD:DSD_SOCX_AGG@DF_PUB_PRV(1.0),Public and private social expenditure,I,MEX,Mexico,A,Annual,SOCX,Social expenditure,PT_B1GQ,Percentage of GDP,ES10,Public,_T,Total,TP01,Old age and survivors,_Z,Not applicable,1995,,0.626,,A,Normal value,0,Units,1,One,_Z,Not applicable,,
DATAFLOW,OECD.ELS.SPD:DSD_SOCX_AGG@DF_PUB_PRV(1.0),Public and private social expenditure,I,GRC,Greece,A,Annual,SOCX,Social expenditure,PT_B1GQ,Percentage of GDP,ES10,Public,_T,Total,TP01,Old age and survivors,_Z,Not applicable,2009,,13.751,,A,Normal value,0,Units,1,One,_Z,Not applicable,,
DATAFLOW,OECD.ELS.SPD:DSD_SOCX_AGG@DF_PUB_PRV(1.0),Public and private social expenditure,I,GRC,Greece,A,Annual,SOCX,Social expenditure,PT_B1GQ,Percentage of GDP,ES10,Public,_T,Total,TP01,Old age and survivors,_Z,Not applicable,2010,,14.388,,A,Normal value,0,Units,1,One,_Z,Not applicable,,
DATAFLOW,OECD.ELS.SPD:DSD_SOCX_AGG@DF_PUB_PRV(1.0),Public and private social expenditure,I,GRC,Greece,A,Annual,SOCX,Social expenditure,PT_B1GQ,Percentage of GDP,ES10,Public,_T,Total,TP01,Old age and survivors,_Z,Not applicable,2011,,16.159,,A,Normal value,0,Units,1,One,_Z,Not applicable,,
DATAFLOW,OECD.ELS.SPD:DSD_SOCX_AGG@DF_PUB_PRV(1.0),Public and private social expenditure,I,GRC,Greece,A,Annual,SOCX,Social expenditure,PT_B1GQ,Percentage of GDP,ES10,Public,_T,Total,TP01,Old age and survivors,_Z,Not applicable,2012,,17.615,,A,Normal value,0,Units,1,One,_Z,Not applicable,,
DATAFLOW,OECD.ELS.SPD:DSD_SOCX_AGG@DF_PUB_PRV(1.0),Public and private social expenditure,I,GRC,Greece,A,Annual,SOCX,Social expenditure,PT_B1GQ,Percentage of GDP,ES10,Public,_T,Total,TP01,Old age and survivors,_Z,Not applicable,2013,,16.272,,A,Normal value,0,Units,1,One,_Z,Not applicable,,
DATAFLOW,OECD.ELS.SPD:DSD_SOCX_AGG@DF_PUB_PRV(1.0),Public and private social expenditure,I,GRC,Greece,A,Annual,SOCX,Social expenditure,PT_B1GQ,Percentage of GDP,ES10,Public,_T,Total,TP01,Old age and survivors,_Z,Not applicable,2014,,16.704,,A,Normal value,0,Units,1,One,_Z,Not applicable,,
DATAFLOW,OECD.ELS.SPD:DSD_SOCX_AGG@DF_PUB_PRV(1.0),Public and private social expenditure,I,GRC,Greece,A,Annual,SOCX,Social expenditure,PT_B1GQ,Percentage of GDP,ES10,Public,_T,Total,TP01,Old age and survivors,_Z,Not applicable,2015,,17.605,,A,Normal value,0,Units,1,One,_Z,Not applicable,,
DATAFLOW,OECD.ELS.SPD:DSD_SOCX_AGG@DF_PUB_PRV(1.0),Public and private social expenditure,I,GRC,Greece,A,Annual,SOCX,Social expenditure,PT_B1GQ,Percentage of GDP,ES10,Public,_T,Total,TP01,Old age and survivors,_Z,Not applicable,2016,,17.37,,A,Normal value,0,Units,1,One,_Z,Not applicable,,
DATAFLOW,OECD.ELS.SPD:DSD_SOCX_AGG@DF_PUB_PRV(1.0),Public and private social expenditure,I,GRC,Greece,A,Annual,SOCX,Social expenditure,PT_B1GQ,Percentage of GDP,ES10,Public,_T,Total,TP01,Old age and survivors,_Z,Not applicable,2017,,16.259,,A,Normal value,0,Units,1,One,_Z,Not applicable,,
DATAFLOW,OECD.ELS.SPD:DSD_SOCX_AGG@DF_PUB_PRV(1.0),Public and private social expenditure,I,GRC,Greece,A,Annual,SOCX,Social expenditure,PT_B1GQ,Percentage of GDP,ES10,Public,_T,Total,TP01,Old age and survivors,_Z,Not applicable,2018,,15.836,,A,Normal value,0,Units,1,One,_Z,Not applicable,,
DATAFLOW,OECD.ELS.SPD:DSD_SOCX_AGG@DF_PUB_PRV(1.0),Public and private social expenditure,I,GRC,Greece,A,Annual,SOCX,Social expenditure,PT_B1GQ,Percentage of GDP,ES10,Public,_T,Total,TP01,Old age and survivors,_Z,Not applicable,2019,,15.539,,A,Normal value,0,Units,1,One,_Z,Not applicable,,
DATAFLOW,OECD.ELS.SPD:DSD_SOCX_AGG@DF_PUB_PRV(1.0),Public and private social expenditure,I,GRC,Greece,A,Annual,SOCX,Social expenditure,PT_B1GQ,Percentage of GDP,ES10,Public,_T,Total,TP01,Old age and survivors,_Z,Not applicable,2020,,17.942,,A,Normal value,0,Units,1,One,_Z,Not applicable,,
DATAFLOW,OECD.ELS.SPD:DSD_SOCX_AGG@DF_PUB_PRV(1.0),Public and private social expenditure,I,GRC,Greece,A,Annual,SOCX,Social expenditure,PT_B1GQ,Percentage of GDP,ES10,Public,_T,Total,TP01,Old age and survivors,_Z,Not applicable,2021,,16.237,,A,Normal value,0,Units,1,One,_Z,Not applicable,,
DATAFLOW,OECD.ELS.SPD:DSD_SOCX_AGG@DF_PUB_PRV(1.0),Public and private social expenditure,I,GRC,Greece,A,Annual,SOCX,Social expenditure,PT_B1GQ,Percentage of GDP,ES10,Public,_T,Total,TP01,Old age and survivors,_Z,Not applicable,1996,,9.853,,A,Normal value,0,Units,1,One,_Z,Not applicable,,
DATAFLOW,OECD.ELS.SPD:DSD_SOCX_AGG@DF_PUB_PRV(1.0),Public and private social expenditure,I,GRC,Greece,A,Annual,SOCX,Social expenditure,PT_B1GQ,Percentage of GDP,ES10,Public,_T,Total,TP01,Old age and survivors,_Z,Not applicable,1997,,9.974,,A,Normal value,0,Units,1,One,_Z,Not applicable,,
DATAFLOW,OECD.ELS.SPD:DSD_SOCX_AGG@DF_PUB_PRV(1.0),Public and private social expenditure,I,GRC,Greece,A,Annual,SOCX,Social expenditure,PT_B1GQ,Percentage of GDP,ES10,Public,_T,Total,TP01,Old age and survivors,_Z,Not applicable,1998,,10.631,,A,Normal value,0,Units,1,One,_Z,Not applicable,,
DATAFLOW,OECD.ELS.SPD:DSD_SOCX_AGG@DF_PUB_PRV(1.0),Public and private social expenditure,I,GRC,Greece,A,Annual,SOCX,Social expenditure,PT_B1GQ,Percentage of GDP,ES10,Public,_T,Total,TP01,Old age and survivors,_Z,Not applicable,1999,,10.803,,A,Normal value,0,Units,1,One,_Z,Not applicable,,
DATAFLOW,OECD.ELS.SPD:DSD_SOCX_AGG@DF_PUB_PRV(1.0),Public and private social expenditure,I,GRC,Greece,A,Annual,SOCX,Social expenditure,PT_B1GQ,Percentage of GDP,ES10,Public,_T,Total,TP01,Old age and survivors,_Z,Not applicable,2000,,10.566,,A,Normal value,0,Units,1,One,_Z,Not applicable,,
DATAFLOW,OECD.ELS.SPD:DSD_SOCX_AGG@DF_PUB_PRV(1.0),Public and private social expenditure,I,GRC,Greece,A,Annual,SOCX,Social expenditure,PT_B1GQ,Percentage of GDP,ES10,Public,_T,Total,TP01,Old age and survivors,_Z,Not applicable,2001,,10.934,,A,Normal value,0,Units,1,One,_Z,Not applicable,,
DATAFLOW,OECD.ELS.SPD:DSD_SOCX_AGG@DF_PUB_PRV(1.0),Public and private social expenditure,I,GRC,Greece,A,Annual,SOCX,Social expenditure,PT_B1GQ,Percentage of GDP,ES10,Public,_T,Total,TP01,Old age and survivors,_Z,Not applicable,2002,,10.79,,A,Normal value,0,Units,1,One,_Z,Not applicable,,
DATAFLOW,OECD.ELS.SPD:DSD_SOCX_AGG@DF_PUB_PRV(1.0),Public and private social expenditure,I,GRC,Greece,A,Annual,SOCX,Social expenditure,PT_B1GQ,Percentage of GDP,ES10,Public,_T,Total,TP01,Old age and survivors,_Z,Not applicable,2003,,10.618,,A,Normal value,0,Units,1,One,_Z,Not applicable,,
DATAFLOW,OECD.ELS.SPD:DSD_SOCX_AGG@DF_PUB_PRV(1.0),Public and private social expenditure,I,GRC,Greece,A,Annual,SOCX,Social expenditure,PT_B1GQ,Percentage of GDP,ES10,Public,_T,Total,TP01,Old age and survivors,_Z,Not applicable,2004,,10.863,,A,Normal value,0,Units,1,One,_Z,Not applicable,,
DATAFLOW,OECD.ELS.SPD:DSD_SOCX_AGG@DF_PUB_PRV(1.0),Public and private social expenditure,I,GRC,Greece,A,Annual,SOCX,Social expenditure,PT_B1GQ,Percentage of GDP,ES10,Public,_T,Total,TP01,Old age and survivors,_Z,Not applicable,2005,,11.652,,A,Normal value,0,Units,1,One,_Z,Not applicable,,
DATAFLOW,OECD.ELS.SPD:DSD_SOCX_AGG@DF_PUB_PRV(1.0),Public and private social expenditure,I,GRC,Greece,A,Annual,SOCX,Social expenditure,PT_B1GQ,Percentage of GDP,ES10,Public,_T,Total,TP01,Old age and survivors,_Z,Not applicable,2006,,11.56,,A,Normal value,0,Units,1,One,_Z,Not applicable,,
DATAFLOW,OECD.ELS.SPD:DSD_SOCX_AGG@DF_PUB_PRV(1.0),Public and private social expenditure,I,GRC,Greece,A,Annual,SOCX,Social expenditure,PT_B1GQ,Percentage of GDP,ES10,Public,_T,Total,TP01,Old age and survivors,_Z,Not applicable,2007,,11.85,,A,Normal value,0,Units,1,One,_Z,Not applicable,,
DATAFLOW,OECD.ELS.SPD:DSD_SOCX_AGG@DF_PUB_PRV(1.0),Public and private social expenditure,I,GRC,Greece,A,Annual,SOCX,Social expenditure,PT_B1GQ,Percentage of GDP,ES10,Public,_T,Total,TP01,Old age and survivors,_Z,Not applicable,2008,,12.676,,A,Normal value,0,Units,1,One,_Z,Not applicable,,
DATAFLOW,OECD.ELS.SPD:DSD_SOCX_AGG@DF_PUB_PRV(1.0),Public and private social expenditure,I,GRC,Greece,A,Annual,SOCX,Social expenditure,PT_B1GQ,Percentage of GDP,ES10,Public,_T,Total,TP01,Old age and survivors,_Z,Not applicable,1990,,9.637,,A,Normal value,0,Units,1,One,_Z,Not applicable,,
DATAFLOW,OECD.ELS.SPD:DSD_SOCX_AGG@DF_PUB_PRV(1.0),Public and private social expenditure,I,GRC,Greece,A,Annual,SOCX,Social expenditure,PT_B1GQ,Percentage of GDP,ES10,Public,_T,Total,TP01,Old age and survivors,_Z,Not applicable,1991,,9.087,,A,Normal value,0,Units,1,One,_Z,Not applicable,,
DATAFLOW,OECD.ELS.SPD:DSD_SOCX_AGG@DF_PUB_PRV(1.0),Public and private social expenditure,I,GRC,Greece,A,Annual,SOCX,Social expenditure,PT_B1GQ,Percentage of GDP,ES10,Public,_T,Total,TP01,Old age and survivors,_Z,Not applicable,1992,,9.047,,A,Normal value,0,Units,1,One,_Z,Not applicable,,
DATAFLOW,OECD.ELS.SPD:DSD_SOCX_AGG@DF_PUB_PRV(1.0),Public and private social expenditure,I,GRC,Greece,A,Annual,SOCX,Social expenditure,PT_B1GQ,Percentage of GDP,ES10,Public,_T,Total,TP01,Old age and survivors,_Z,Not applicable,1993,,9.33,,A,Normal value,0,Units,1,One,_Z,Not applicable,,
DATAFLOW,OECD.ELS.SPD:DSD_SOCX_AGG@DF_PUB_PRV(1.0),Public and private social expenditure,I,GRC,Greece,A,Annual,SOCX,Social expenditure,PT_B1GQ,Percentage of GDP,ES10,Public,_T,Total,TP01,Old age and survivors,_Z,Not applicable,1994,,9.243,,A,Normal value,0,Units,1,One,_Z,Not applicable,,
DATAFLOW,OECD.ELS.SPD:DSD_SOCX_AGG@DF_PUB_PRV(1.0),Public and private social expenditure,I,GRC,Greece,A,Annual,SOCX,Social expenditure,PT_B1GQ,Percentage of GDP,ES10,Public,_T,Total,TP01,Old age and survivors,_Z,Not applicable,1995,,9.393,,A,Normal value,0,Units,1,One,_Z,Not applicable,,
DATAFLOW,OECD.ELS.SPD:DSD_SOCX_AGG@DF_PUB_PRV(1.0),Public and private social expenditure,I,CHL,Chile,A,Annual,SOCX,Social expenditure,PT_B1GQ,Percentage of GDP,ES10,Public,_T,Total,TP01,Old age and survivors,_Z,Not applicable,2009,,3.589,,A,Normal value,0,Units,1,One,_Z,Not applicable,,
DATAFLOW,OECD.ELS.SPD:DSD_SOCX_AGG@DF_PUB_PRV(1.0),Public and private social expenditure,I,CHL,Chile,A,Annual,SOCX,Social expenditure,PT_B1GQ,Percentage of GDP,ES10,Public,_T,Total,TP01,Old age and survivors,_Z,Not applicable,2010,,3.432,,A,Normal value,0,Units,1,One,_Z,Not applicable,,
DATAFLOW,OECD.ELS.SPD:DSD_SOCX_AGG@DF_PUB_PRV(1.0),Public and private social expenditure,I,CHL,Chile,A,Annual,SOCX,Social expenditure,PT_B1GQ,Percentage of GDP,ES10,Public,_T,Total,TP01,Old age and survivors,_Z,Not applicable,2011,,3.249,,A,Normal value,0,Units,1,One,_Z,Not applicable,,
DATAFLOW,OECD.ELS.SPD:DSD_SOCX_AGG@DF_PUB_PRV(1.0),Public and private social expenditure,I,CHL,Chile,A,Annual,SOCX,Social expenditure,PT_B1GQ,Percentage of GDP,ES10,Public,_T,Total,TP01,Old age and survivors,_Z,Not applicable,2012,,3.135,,A,Normal value,0,Units,1,One,_Z,Not applicable,,
DATAFLOW,OECD.ELS.SPD:DSD_SOCX_AGG@DF_PUB_PRV(1.0),Public and private social expenditure,I,CHL,Chile,A,Annual,SOCX,Social expenditure,PT_B1GQ,Percentage of GDP,ES10,Public,_T,Total,TP01,Old age and survivors,_Z,Not applicable,2013,,3.018,,A,Normal value,0,Units,1,One,_Z,Not applicable,,
DATAFLOW,OECD.ELS.SPD:DSD_SOCX_AGG@DF_PUB_PRV(1.0),Public and private social expenditure,I,CHL,Chile,A,Annual,SOCX,Social expenditure,PT_B1GQ,Percentage of GDP,ES10,Public,_T,Total,TP01,Old age and survivors,_Z,Not applicable,2014,,2.976,,A,Normal value,0,Units,1,One,_Z,Not applicable,,
DATAFLOW,OECD.ELS.SPD:DSD_SOCX_AGG@DF_PUB_PRV(1.0),Public and private social expenditure,I,CHL,Chile,A,Annual,SOCX,Social expenditure,PT_B1GQ,Percentage of GDP,ES10,Public,_T,Total,TP01,Old age and survivors,_Z,Not applicable,2015,,2.94,,A,Normal value,0,Units,1,One,_Z,Not applicable,,
DATAFLOW,OECD.ELS.SPD:DSD_SOCX_AGG@DF_PUB_PRV(1.0),Public and private social expenditure,I,CHL,Chile,A,Annual,SOCX,Social expenditure,PT_B1GQ,Percentage of GDP,ES10,Public,_T,Total,TP01,Old age and survivors,_Z,Not applicable,2016,,2.86,,A,Normal value,0,Units,1,One,_Z,Not applicable,,
DATAFLOW,OECD.ELS.SPD:DSD_SOCX_AGG@DF_PUB_PRV(1.0),Public and private social expenditure,I,CHL,Chile,A,Annual,SOCX,Social expenditure,PT_B1GQ,Percentage of GDP,ES10,Public,_T,Total,TP01,Old age and survivors,_Z,Not applicable,2017,,2.855,,A,Normal value,0,Units,1,One,_Z,Not applicable,,
DATAFLOW,OECD.ELS.SPD:DSD_SOCX_AGG@DF_PUB_PRV(1.0),Public and private social expenditure,I,CHL,Chile,A,Annual,SOCX,Social expenditure,PT_B1GQ,Percentage of GDP,ES10,Public,_T,Total,TP01,Old age and survivors,_Z,Not applicable,2018,,2.831,,A,Normal value,0,Units,1,One,_Z,Not applicable,,
DATAFLOW,OECD.ELS.SPD:DSD_SOCX_AGG@DF_PUB_PRV(1.0),Public and private social expenditure,I,CHL,Chile,A,Annual,SOCX,Social expenditure,PT_B1GQ,Percentage of GDP,ES10,Public,_T,Total,TP01,Old age and survivors,_Z,Not applicable,2019,,2.88,,A,Normal value,0,Units,1,One,_Z,Not applicable,,
DATAFLOW,OECD.ELS.SPD:DSD_SOCX_AGG@DF_PUB_PRV(1.0),Public and private social expenditure,I,CHL,Chile,A,Annual,SOCX,Social expenditure,PT_B1GQ,Percentage of GDP,ES10,Public,_T,Total,TP01,Old age and survivors,_Z,Not applicable,2020,,3.132,,A,Normal value,0,Units,1,One,_Z,Not applicable,,
DATAFLOW,OECD.ELS.SPD:DSD_SOCX_AGG@DF_PUB_PRV(1.0),Public and private social expenditure,I,CHL,Chile,A,Annual,SOCX,Social expenditure,PT_B1GQ,Percentage of GDP,ES10,Public,_T,Total,TP01,Old age and survivors,_Z,Not applicable,2021,,3.143,,A,Normal value,0,Units,1,One,_Z,Not applicable,,
DATAFLOW,OECD.ELS.SPD:DSD_SOCX_AGG@DF_PUB_PRV(1.0),Public and private social expenditure,I,CHL,Chile,A,Annual,SOCX,Social expenditure,PT_B1GQ,Percentage of GDP,ES10,Public,_T,Total,TP01,Old age and survivors,_Z,Not applicable,2022,,3.36,,A,Normal value,0,Units,1,One,_Z,Not applicable,,
DATAFLOW,OECD.ELS.SPD:DSD_SOCX_AGG@DF_PUB_PRV(1.0),Public and private social expenditure,I,CHL,Chile,A,Annual,SOCX,Social expenditure,PT_B1GQ,Percentage of GDP,ES10,Public,_T,Total,TP01,Old age and survivors,_Z,Not applicable,2023,,3.735,,A,Normal value,0,Units,1,One,_Z,Not applicable,,
DATAFLOW,OECD.ELS.SPD:DSD_SOCX_AGG@DF_PUB_PRV(1.0),Public and private social expenditure,I,CHL,Chile,A,Annual,SOCX,Social expenditure,PT_B1GQ,Percentage of GDP,ES10,Public,_T,Total,TP01,Old age and survivors,_Z,Not applicable,1996,,7.18,,A,Normal value,0,Units,1,One,_Z,Not applicable,,
DATAFLOW,OECD.ELS.SPD:DSD_SOCX_AGG@DF_PUB_PRV(1.0),Public and private social expenditure,I,CHL,Chile,A,Annual,SOCX,Social expenditure,PT_B1GQ,Percentage of GDP,ES10,Public,_T,Total,TP01,Old age and survivors,_Z,Not applicable,1997,,6.893,,A,Normal value,0,Units,1,One,_Z,Not applicable,,
DATAFLOW,OECD.ELS.SPD:DSD_SOCX_AGG@DF_PUB_PRV(1.0),Public and private social expenditure,I,CHL,Chile,A,Annual,SOCX,Social expenditure,PT_B1GQ,Percentage of GDP,ES10,Public,_T,Total,TP01,Old age and survivors,_Z,Not applicable,1998,,6.947,,A,Normal value,0,Units,1,One,_Z,Not applicable,,
DATAFLOW,OECD.ELS.SPD:DSD_SOCX_AGG@DF_PUB_PRV(1.0),Public and private social expenditure,I,CHL,Chile,A,Annual,SOCX,Social expenditure,PT_B1GQ,Percentage of GDP,ES10,Public,_T,Total,TP01,Old age and survivors,_Z,Not applicable,1999,,7.341,,A,Normal value,0,Units,1,One,_Z,Not applicable,,
DATAFLOW,OECD.ELS.SPD:DSD_SOCX_AGG@DF_PUB_PRV(1.0),Public and private social expenditure,I,CHL,Chile,A,Annual,SOCX,Social expenditure,PT_B1GQ,Percentage of GDP,ES10,Public,_T,Total,TP01,Old age and survivors,_Z,Not applicable,2000,,4.988,,A,Normal value,0,Units,1,One,_Z,Not applicable,,
DATAFLOW,OECD.ELS.SPD:DSD_SOCX_AGG@DF_PUB_PRV(1.0),Public and private social expenditure,I,CHL,Chile,A,Annual,SOCX,Social expenditure,PT_B1GQ,Percentage of GDP,ES10,Public,_T,Total,TP01,Old age and survivors,_Z,Not applicable,2001,,4.601,,A,Normal value,0,Units,1,One,_Z,Not applicable,,
DATAFLOW,OECD.ELS.SPD:DSD_SOCX_AGG@DF_PUB_PRV(1.0),Public and private social expenditure,I,CHL,Chile,A,Annual,SOCX,Social expenditure,PT_B1GQ,Percentage of GDP,ES10,Public,_T,Total,TP01,Old age and survivors,_Z,Not applicable,2002,,4.509,,A,Normal value,0,Units,1,One,_Z,Not applicable,,
DATAFLOW,OECD.ELS.SPD:DSD_SOCX_AGG@DF_PUB_PRV(1.0),Public and private social expenditure,I,CHL,Chile,A,Annual,SOCX,Social expenditure,PT_B1GQ,Percentage of GDP,ES10,Public,_T,Total,TP01,Old age and survivors,_Z,Not applicable,2003,,4.311,,A,Normal value,0,Units,1,One,_Z,Not applicable,,
DATAFLOW,OECD.ELS.SPD:DSD_SOCX_AGG@DF_PUB_PRV(1.0),Public and private social expenditure,I,CHL,Chile,A,Annual,SOCX,Social expenditure,PT_B1GQ,Percentage of GDP,ES10,Public,_T,Total,TP01,Old age and survivors,_Z,Not applicable,2004,,3.873,,A,Normal value,0,Units,1,One,_Z,Not applicable,,
DATAFLOW,OECD.ELS.SPD:DSD_SOCX_AGG@DF_PUB_PRV(1.0),Public and private social expenditure,I,CHL,Chile,A,Annual,SOCX,Social expenditure,PT_B1GQ,Percentage of GDP,ES10,Public,_T,Total,TP01,Old age and survivors,_Z,Not applicable,2005,,3.732,,A,Normal value,0,Units,1,One,_Z,Not applicable,,
DATAFLOW,OECD.ELS.SPD:DSD_SOCX_AGG@DF_PUB_PRV(1.0),Public and private social expenditure,I,CHL,Chile,A,Annual,SOCX,Social expenditure,PT_B1GQ,Percentage of GDP,ES10,Public,_T,Total,TP01,Old age and survivors,_Z,Not applicable,2006,,3.288,,A,Normal value,0,Units,1,One,_Z,Not applicable,,
DATAFLOW,OECD.ELS.SPD:DSD_SOCX_AGG@DF_PUB_PRV(1.0),Public and private social expenditure,I,CHL,Chile,A,Annual,SOCX,Social expenditure,PT_B1GQ,Percentage of GDP,ES10,Public,_T,Total,TP01,Old age and survivors,_Z,Not applicable,2007,,3.131,,A,Normal value,0,Units,1,One,_Z,Not applicable,,
DATAFLOW,OECD.ELS.SPD:DSD_SOCX_AGG@DF_PUB_PRV(1.0),Public and private social expenditure,I,CHL,Chile,A,Annual,SOCX,Social expenditure,PT_B1GQ,Percentage of GDP,ES10,Public,_T,Total,TP01,Old age and survivors,_Z,Not applicable,2008,,3.329,,A,Normal value,0,Units,1,One,_Z,Not applicable,,
DATAFLOW,OECD.ELS.SPD:DSD_SOCX_AGG@DF_PUB_PRV(1.0),Public and private social expenditure,I,CHL,Chile,A,Annual,SOCX,Social expenditure,PT_B1GQ,Percentage of GDP,ES10,Public,_T,Total,TP01,Old age and survivors,_Z,Not applicable,1990,,7.958,,A,Normal value,0,Units,1,One,_Z,Not applicable,,
DATAFLOW,OECD.ELS.SPD:DSD_SOCX_AGG@DF_PUB_PRV(1.0),Public and private social expenditure,I,CHL,Chile,A,Annual,SOCX,Social expenditure,PT_B1GQ,Percentage of GDP,ES10,Public,_T,Total,TP01,Old age and survivors,_Z,Not applicable,1991,,7.865,,A,Normal value,0,Units,1,One,_Z,Not applicable,,
DATAFLOW,OECD.ELS.SPD:DSD_SOCX_AGG@DF_PUB_PRV(1.0),Public and private social expenditure,I,CHL,Chile,A,Annual,SOCX,Social expenditure,PT_B1GQ,Percentage of GDP,ES10,Public,_T,Total,TP01,Old age and survivors,_Z,Not applicable,1992,,7.455,,A,Normal value,0,Units,1,One,_Z,Not applicable,,
DATAFLOW,OECD.ELS.SPD:DSD_SOCX_AGG@DF_PUB_PRV(1.0),Public and private social expenditure,I,CHL,Chile,A,Annual,SOCX,Social expenditure,PT_B1GQ,Percentage of GDP,ES10,Public,_T,Total,TP01,Old age and survivors,_Z,Not applicable,1993,,7.509,,A,Normal value,0,Units,1,One,_Z,Not applicable,,
DATAFLOW,OECD.ELS.SPD:DSD_SOCX_AGG@DF_PUB_PRV(1.0),Public and private social expenditure,I,CHL,Chile,A,Annual,SOCX,Social expenditure,PT_B1GQ,Percentage of GDP,ES10,Public,_T,Total,TP01,Old age and survivors,_Z,Not applicable,1994,,7.266,,A,Normal value,0,Units,1,One,_Z,Not applicable,,
DATAFLOW,OECD.ELS.SPD:DSD_SOCX_AGG@DF_PUB_PRV(1.0),Public and private social expenditure,I,CHL,Chile,A,Annual,SOCX,Social expenditure,PT_B1GQ,Percentage of GDP,ES10,Public,_T,Total,TP01,Old age and survivors,_Z,Not applicable,1995,,6.661,,A,Normal value,0,Units,1,One,_Z,Not applicable,,
,,,,BRA,Brazil,,,,,,,,,,,,,,,2004,,7.379,,,,,,,,,,,
,,,,BRA,Brazil,,,,,,,,,,,,,,,2005,,7.308,,,,,,,,,,,
,,,,BRA,Brazil,,,,,,,,,,,,,,,2006,,7.136,,,,,,,,,,,
,,,,BRA,Brazil,,,,,,,,,,,,,,,2007,,7.247,,,,,,,,,,,
,,,,BRA,Brazil,,,,,,,,,,,,,,,2008,,7.181,,,,,,,,,,,
,,,,BRA,Brazil,,,,,,,,,,,,,,,2009,,6.899,,,,,,,,,,,
,,,,BRA,Brazil,,,,,,,,,,,,,,,2010,,6.472,,,,,,,,,,,
,,,,BRA,Brazil,,,,,,,,,,,,,,,2011,,6.214,,,,,,,,,,,
,,,,BRA,Brazil,,,,,,,,,,,,,,,2012,,6.384,,,,,,,,,,,
,,,,BRA,Brazil,,,,,,,,,,,,,,,2013,,6.497,,,,,,,,,,,
,,,,BRA,Brazil,,,,,,,,,,,,,,,2014,,6.255,,,,,,,,,,,
,,,,BRA,Brazil,,,,,,,,,,,,,,,2015,,6.715,,,,,,,,,,,
,,,,BRA,Brazil,,,,,,,,,,,,,,,2016,,6.848,,,,,,,,,,,
,,,,BRA,Brazil,,,,,,,,,,,,,,,2017,,6.931,,,,,,,,,,,
,,,,BRA,Brazil,,,,,,,,,,,,,,,2018,,8.461,,,,,,,,,,,
,,,,BRA,Brazil,,,,,,,,,,,,,,,2019,,8.505,,,,,,,,,,,
,,,,BRA,Brazil,,,,,,,,,,,,,,,2020,,9.154,,,,,,,,,,,
,,,,BRA,Brazil,,,,,,,,,,,,,,,2021,,8.111,,,,,,,,,,,
,,,,BRA,Brazil,,,,,,,,,,,,,,,2022,,8.034,,,,,,,,,,,